iteration,id,created_at,created_at_dt,user_name,user_screen_name,user_id,user_is_verified,user_location,user_followers_count,user_following_count,user_can_dm,user_listed_count,user_favourites_count,user_statuses_count,user_created_at,text,hashtags,urls,media,bookmark_count,view_count,like_count,retweet_count,quote_count,reply_count,lang,possibly_sensitive,in_reply_to,quoted_tweet,place
0,1928596027919011877,Fri May 30 23:34:59 +0000 2025,2025-05-30 23:34:59+00:00,Jim,JCWiggins,36686792,False,"Vancouver, BC",1375,234,False,11,3846,26187,Thu Apr 30 15:20:35 +0000 2009,"@MilesGraysonLee @therealjoshneal @kareem_carr This is beautiful. World shattering facts about the dangers of the Covid vaccine are almost ready for release. We're waiting with bated breath.
I will vehemently defend the safety of mRNA vaccines until I see significant peer-reviewed data showing otherwise.",[],[],[],0,29,0,0,0,1,en,,1928587526543200275,,
0,1928504586433634630,Fri May 30 17:31:37 +0000 2025,2025-05-30 17:31:37+00:00,Eileen Mountain,EileenMoun9522,1888034241428045824,False,"Vancouver, British Columbia",166,84,False,0,1225,1609,Sat Feb 08 01:17:25 +0000 2025,"@bc_perspective Me too and I have , in the past, had every sterilizing vaccine available in Canada, but I have lost trust completely.",[],[],[],0,3,0,0,0,0,en,,1928123625401635062,,
0,1928503271703941126,Fri May 30 17:26:24 +0000 2025,2025-05-30 17:26:24+00:00,Maple MCGA,superzentr2023,1674932042948308992,False,"Vancouver, BC",157,146,False,4,2841,16313,Sat Jul 01 00:05:02 +0000 2023,@AmoneyResists Your enemies developed the mRNA vaccine.,[],[],[],0,7,1,0,0,0,en,,1928210385301090760,,
0,1928489274720084075,Fri May 30 16:30:47 +0000 2025,2025-05-30 16:30:47+00:00,Jim,JCWiggins,36686792,False,"Vancouver, BC",1375,234,False,11,3846,26187,Thu Apr 30 15:20:35 +0000 2009,"@Jude_62 @LMorganEdwards @wideawake_media You know what's great about the chicken pox vaccine?
Not getting chicken pox. 
Deaths and hospitalizations of children are way down due to the effectiveness of the vaccine.",[],[],[],0,6,0,0,0,0,en,,1928478731808465045,,
0,1928361045170737236,Fri May 30 08:01:15 +0000 2025,2025-05-30 08:01:15+00:00,The Thorny Side,thorny64528,1889552111651921925,True,Vancouver ,84,332,False,5,19,664,Wed Feb 12 05:49:41 +0000 2025,"Here we are back at the beginning again. Knowing that there are no SALINE placebo trials to our CURRENT vaccine schedule. You know, the one that we actually put into our children 😆. 

Then back again, to the anticipated ethical argument to cover that these trials don't exist. Which is why I sent the video of your boy Plotkin earlier admitting to the “ethics”they abide by. This is the cycle always. 

So its ethical to not properly test a bunch of metals pumped into childrens bodies, have no cumulative short or long term data, while sickness and disease is rising, because a child is certain to get a disease if they dont get hit with it all at that age no matter what?

Talk about a cult.

You sending a study on the benefits of DDT, too?",[],[],[],0,59,2,0,0,1,en,,1928340186624061752,,
0,1928329296508244385,Fri May 30 05:55:05 +0000 2025,2025-05-30 05:55:05+00:00,The Thorny Side,thorny64528,1889552111651921925,True,Vancouver ,84,332,False,5,19,664,Wed Feb 12 05:49:41 +0000 2025,"I am enjoying this conversation, even though I have little spare time today. It is far better than the tribal attacks and vitriol directed at each other.

However, my man, this isn’t going to work. That vaccine, in its presented form, isn’t on the childhood schedule, and the formula completely changed, not even two years later.

No childhood vaccines available today have been tested against an inert placebo. They have all been modified multiple times and combined without adhering to the highest standard of safety testing. 

The polio vaccine underwent such testing in the 1950s, as it was the first of its kind. The study you shared on PRP-D and Hib is 40 years old, which is the only reason it included a saline control. It was a first. I assume that’s why Gardasil is the only current vaccine that has also been tested with saline.

The PRP-D in the paper you shared was sidelined in 1991. The formula was changed entirely and then modified seven more times after the new version was introduced. During that period, the new formula was also adjusted to operate in batches of combined vaccines. There is nothing in that study that supports my point here; it is not the same vaccine at all. This was when there were five doses, not forty-five. 

From 1989 to 2025, the changes included:

1990 - HbOC had already implemented a complete formula change.
1996 - Tetramune was combined with DTB and HbOC.
2005 - Pentacel was combined with DTaP, IPV, and PRP-T.
2018 - Vaxelis combined DTaP, IPV, PRP-OMB, and Hepatitis B.
2000s - Thimerosal was removed

These dates signify the integration of new carriers, proteins, and the combination of additional vaccines. The paper you showed was a formula that had been entirely phased out in favour of more effective Hib conjugates and combined vaccines almost immediately following publication. Neither my child nor I received the injections that were listed on the paper you showed.

It’s like asking you to evaluate the safety of a row of newly built townhouses while relying on data and blueprints from a single house that was demolished on that lot 40 years ago, expecting me to care about it. Even though it is in the exact location and uses a mix of similar building materials, with similar tools used for execution, I have to trust that it is just as safe.

The inspector from 40 years ago might have adequately assessed the old structure. The issue is that the new builder is primarily interested in selling these townhomes to his clients as quickly as possible. 

Additionally, the latest builder has the inspector in his pocket and instructs him to evaluate only the exterior safety of the structure. If you catch the entire analogy I’m throwing out there ;)

You showed me a house that had been demolished. 

Out of the 59 antigens and 45 doses administered to our children today, along with all those lovely adjuvants that nobody likes to discuss, there are zero placebo-controlled trials using saline. This question has been raised for a while. I appreciate your sneakiness, but they don’t exist.

Shouldn’t we be demanding them by now?

Regardless of our thoughts on the pharma cartel or RFK, shouldn’t we, as humans, want the best for our kids? It has become almost a religion that people have been programmed to accept, as though there aren’t mountains of reasons to be skeptical. 

There’s nothing wrong with asking these questions, especially after numerous lawsuits over the years and the theatre of lies they presented during COVID.

Science is about asking questions and digging deeper, not being stuck in a rigid totalitarian dogma that can never be tested. 

They can surely identify large groups of kids where parents are indifferent about vaccines and initiate the proper testing. If they can run up on orphanages, disabled people, prison babies and a million in Africa, anything is possible in their land of “ethics.”

They need to dangle more burgers and fries; people will be lining up for those saline placebo trials!",[],[],[<Video id=1928327739448381443>],0,74,1,0,0,3,en,False,1928219329247727883,,
0,1928310926555377902,Fri May 30 04:42:05 +0000 2025,2025-05-30 04:42:05+00:00,Steve,SGibbsWRX,1801688190551789571,False,"Vancouver, British Columbia",474,1102,False,4,9950,484,Fri Jun 14 18:48:57 +0000 2024,"@avenge_p @JosephB1823 @CTVNews You can’t trust the media, government, big pharmaceutical. Especially with an experimental vaccine.  They prop up the military industrial complex and call it peace keeping. 😂",[],[],[],0,21,1,0,0,1,en,,1928259634466324574,,
0,1928280980860850559,Fri May 30 02:43:06 +0000 2025,2025-05-30 02:43:06+00:00,Citysue,Citysue6,1443703392484814878,False,"Vancouver, British Columbia",6008,5945,False,11,146642,72489,Thu Sep 30 22:26:04 +0000 2021,@TRUMP_ARMY_ I support this man and every other sane individual who sees the vaccine schedule for what it is.  God bless the parents who protect their kids from this demonic crap.,[],[],[],0,26,1,1,0,0,en,,1928021783334003055,,
0,1928246296055353741,Fri May 30 00:25:16 +0000 2025,2025-05-30 00:25:16+00:00,Steve,SGibbsWRX,1801688190551789571,False,"Vancouver, British Columbia",474,1102,False,4,9950,484,Fri Jun 14 18:48:57 +0000 2024,@avenge_p @JosephB1823 @CTVNews I thought they said the Covid vaccine was 100% effective and safe? They lied from the start. How did they roll out the boosters so quickly. It was probably the same vaccine,[],[],[],0,16,1,0,0,1,en,,1928183491126059481,,
0,1928240548743160021,Fri May 30 00:02:26 +0000 2025,2025-05-30 00:02:26+00:00,Citysue,Citysue6,1443703392484814878,False,"Vancouver, British Columbia",6008,5945,False,11,146642,72489,Thu Sep 30 22:26:04 +0000 2021,@iAnonPatriot What did they give him because they said he had ADD or ADHD or one vaccine too many?,[],[],[],0,8,0,0,0,0,en,,1928060333312139519,,
0,1928232556404634024,Thu May 29 23:30:40 +0000 2025,2025-05-29 23:30:40+00:00,⚫,MuffintopMinhas,4764618944,True,"Vancouver, British Columbia",788,1875,True,4,51387,41655,Fri Jan 15 21:05:41 +0000 2016,Sure I’ll get the vaccine,[],[],[],0,34,0,0,0,0,en,,,"{'id': '1927881419696554389', 'text': 'Sick again, 5th time this week 🤕 https://t.co/yZhMm2Y3Rf'}",
0,1928203691078865069,Thu May 29 21:35:58 +0000 2025,2025-05-29 21:35:58+00:00,Bobby Sanghera,BobbySanghera3,1600340648145866752,True,"Vancouver, British Columbia",347,1257,False,6,1567,1345,Wed Dec 07 04:05:32 +0000 2022,@TheBuckYouWill Elbow’s up! Orange man bad! Vaccine good!,[],[],[],0,54,3,0,0,0,en,,1928171896262250651,,
0,1928198005754057002,Thu May 29 21:13:23 +0000 2025,2025-05-29 21:13:23+00:00,Alcohol Awareness,fscarfe,405259565,False,Greater Vancouver,12014,6583,True,111,572313,365743,Sat Nov 05 02:21:51 +0000 2011,"@GoogleExpertUK @HousingFirstIRE @marekjuskiewicz @BernardMelchior @DrUmeshPrabhu @andrewhelpinguk @IrisKre @MarshaCollier @gospeakyourmind @DdR333 @belloma2019 @AdaCollege @bkohatl @beahere7 @OldCinemas @historylvrsclub @cheekyvimto13 @STATravel_UK @DrLATeal @VioletAirla @ivanbitton @shades_dirty @TheMissNicolina @TheFaithLogan @DNW2018 @touristyaf @jkwan_md @jackiedeburca @jan_skvrnak @PrahaNeznama @Citybreaker_ @Hlightsbarbados @Barbados @BarbadosTravel @audreyh1 @LiveaMemory @HiClassMag @LisaRivera2207 @nasjonalmuseet @willsmith @WinterOakPress @boriquagato @Spiro_Ghost @SpartaJustice @drvandanashiva @JMilei @JustinTrudeau Oh yes, Trudeau and vaccine's, yet why were politician's exempted, this needs to be looked at!",[],[],[],0,26,1,0,0,0,en,,1698429053739442390,,
0,1928194989000933502,Thu May 29 21:01:24 +0000 2025,2025-05-29 21:01:24+00:00,TJ Mair,TJMair,18472086,False,"Vancouver, British Columbia",2860,4560,False,67,329679,119414,Tue Dec 30 06:43:38 +0000 2008,"@TONYxTWO How do you know that your newly acquired immune deficiency syndrome is related to a vaccine?

And if you're as weak as you claim, you need to worry about catching pneumocystis jirovecii pneumonia.

It's very common. Most people without AIDS are unaffected by it.",[],[],[],0,16,0,0,0,0,en,,1928084969173189071,,
0,1928194202052997472,Thu May 29 20:58:16 +0000 2025,2025-05-29 20:58:16+00:00,Kaiden,bdubcblizzard,1818150717326241792,False,"Vancouver, British Columbia",29,79,False,1,385,1258,Tue Jul 30 05:04:56 +0000 2024,@medievalgore @ElijahSchaffer @grok was the covid vaccine safe and effective?,[],[],[],0,28,0,0,0,1,en,,1928181575897718827,,
1,1928193787542614166,Thu May 29 20:56:37 +0000 2025,2025-05-29 20:56:37+00:00,ALi,AL85003725,1193602788313333760,False,"Vancouver, British Columbia",332,1127,True,2,28753,34771,Sun Nov 10 18:54:44 +0000 2019,"@Independent_ie It’s a globalist trend, they changed the definition of  a vaccine to support COVID shots",[],[],[],0,15,0,0,0,0,en,,1927820993768169828,,
1,1928177486711398491,Thu May 29 19:51:51 +0000 2025,2025-05-29 19:51:51+00:00,Chris 🇨🇦🍁,ChrisKFilms,1181451945065799681,True,Greater Vancouver,1363,1424,True,1,86722,62432,Tue Oct 08 06:11:17 +0000 2019,@ne95824355 @liz_churchill10 The vaccine is safe,[],[],[],0,29,1,0,0,1,en,,1928171606544646225,,
1,1928173751989842356,Thu May 29 19:37:00 +0000 2025,2025-05-29 19:37:00+00:00,Brattani,Bratt_world,1400663753176227844,True,"Vancouver, British Columbia",65331,6192,True,220,374439,166192,Fri Jun 04 04:00:54 +0000 2021,@globeandmail Only women can get pregnant. And only weak women need a vaccine for a cold,[],[],[],1,138,6,0,0,0,en,,1927897687430680812,,
1,1928153799425716231,Thu May 29 18:17:43 +0000 2025,2025-05-29 18:17:43+00:00,Bobby Sanghera,BobbySanghera3,1600340648145866752,True,"Vancouver, British Columbia",347,1257,False,6,1567,1345,Wed Dec 07 04:05:32 +0000 2022,"@OneBadDude_ Take this experimental vaccine, don’t take marijuana and think for yourself. Take this not that because the government cares about your health lol.😂",[],[],[],0,38,0,0,0,0,en,,1928125740626645003,,
1,1928146934323163497,Thu May 29 17:50:27 +0000 2025,2025-05-29 17:50:27+00:00,WestCoastWood,ca3lant,559181128,False,"Vancouver, British Columbia",41,56,True,1,7282,914,Sat Apr 21 04:01:03 +0000 2012,@Starshinestars @ContrarianSaver @HerbsandDirt Show us where on the doll the vaccine touched your son,[],[],[],0,66,1,0,0,0,en,,1928102410494378435,,
1,1928136495606456399,Thu May 29 17:08:58 +0000 2025,2025-05-29 17:08:58+00:00,Steve,SGibbsWRX,1801688190551789571,False,"Vancouver, British Columbia",474,1102,False,4,9950,484,Fri Jun 14 18:48:57 +0000 2024,@pashedmotatoes @GothamAsylum604 @JosephB1823 @CTVNews Haha 😂 natural immunity is better than an experimental vaccine that doesn’t stop the spread anyway.,[],[],[],0,7,2,0,0,0,en,,1928127864668315735,,
1,1928135752740917659,Thu May 29 17:06:01 +0000 2025,2025-05-29 17:06:01+00:00,Steve,SGibbsWRX,1801688190551789571,False,"Vancouver, British Columbia",474,1102,False,4,9950,484,Fri Jun 14 18:48:57 +0000 2024,@avenge_p @JosephB1823 @CTVNews Your vaccine works so you’re safe?,[],[],[],0,9,1,0,0,1,en,,1928102247721828446,,
1,1928126696810762332,Thu May 29 16:30:02 +0000 2025,2025-05-29 16:30:02+00:00,CityNews Vancouver,CityNewsVAN,71080496,False,Vancouver,317097,9388,True,2589,4181,421151,Wed Sep 02 21:25:55 +0000 2009,WATCH: Canada's top gynecologists say they 'strongly recommend' COVID-19 vaccination during pregnancy a day after U.S. Health Secretary Robert F. Kennedy Jr. said the vaccine is no longer recommended for children or pregnant people.  https://t.co/vAkkRBs2uU,[],"[{'display_url': 'vancouver.citynews.ca/video/2025/05/…', 'expanded_url': 'https://vancouver.citynews.ca/video/2025/05/29/canadian-doctors-push-back-against-u-s-no-longer-recommending-covid-vaccine-during-pregnancy/', 'url': 'https://t.co/vAkkRBs2uU', 'indices': [234, 257]}]",[],1,3221,7,2,0,2,en,False,,,
1,1928122007343808879,Thu May 29 16:11:23 +0000 2025,2025-05-29 16:11:23+00:00,"""nasty"" 🇨🇦 Tracey #ElbowsUpCanada #Boycottusa",mustangmadd,3163148070,False,Burnaby BC ,7457,4502,False,19,313393,390143,Sun Apr 19 02:26:47 +0000 2015,"How is it possible that fucked up quacks/influencers/celebrities can override common sense/protective instincts of parents 
Parents who are deliberately putting their kids,others kids and their communities at risk from vaccine eradicated/ preventable diseases 
It's bonkers",[],[],[],0,41,4,2,0,0,en,,,,
1,1928115260684153265,Thu May 29 15:44:35 +0000 2025,2025-05-29 15:44:35+00:00,Judy Jetson 🇨🇦,sweet_shel935,1639540043370094592,True,Edmonton & Vancouver ,458,672,False,2,6226,1663,Sat Mar 25 08:10:14 +0000 2023,@TDotResident But I can spell. We need a vaccine against  @ABDanielleSmith she's the biggest disease in Alberta.,[],[],[],0,48,4,0,0,0,en,,1928111499836285254,,
1,1928114774199423409,Thu May 29 15:42:39 +0000 2025,2025-05-29 15:42:39+00:00,Saturday Night Beer Review,SatNightBeer,1863203976520314880,True,Vancouver BC,503,686,True,1,6946,2386,Sun Dec 01 12:51:35 +0000 2024,@globalnews I've noticed an uptick in COVID-19 vaccine propoganda recently.,[],[],[],0,84,2,0,0,0,en,,1927859813263761595,,
1,1927971547706216695,Thu May 29 06:13:31 +0000 2025,2025-05-29 06:13:31+00:00,Jan Hajek,ahoysvet,1250673942,False,University of British Columbia,658,502,False,8,7504,3256,Fri Mar 08 04:08:31 +0000 2013,"@nsni6966989890 @I_Am_JohnCullen @FringeViews Does the fact that people like RFK and Dr. Oz so strongly support this ostrich farm, that injects their ostriches with ""covid vaccine stuff"" make you less concerned about ""covid vaccine stuff""?

https://t.co/4b7m9ZFejN",[],"[{'display_url': 'nsnews.com/coronavirus-co…', 'expanded_url': 'https://www.nsnews.com/coronavirus-covid-19-local-news/bc-ostrich-farm-developing-antibodies-that-could-put-an-end-to-coronavirus-4216550', 'url': 'https://t.co/4b7m9ZFejN', 'indices': [241, 264]}]",[],0,26,0,0,0,0,en,False,1927941155951669638,,
1,1927969980429037904,Thu May 29 06:07:17 +0000 2025,2025-05-29 06:07:17+00:00,Jim,JCWiggins,36686792,False,"Vancouver, BC",1375,234,False,11,3846,26187,Thu Apr 30 15:20:35 +0000 2009,"@SenseReceptor If you're quoting data from VAERS to back up any claims re: supposed vaccine injuries or death, you clearly don't understand VAERS and need to back off before making even more of a fool of yourself.",[],[],[],0,10,0,0,0,0,en,,1927844781402526201,,
1,1927922634257301799,Thu May 29 02:59:09 +0000 2025,2025-05-29 02:59:09+00:00,Maple MCGA,superzentr2023,1674932042948308992,False,"Vancouver, BC",157,146,False,4,2841,16313,Sat Jul 01 00:05:02 +0000 2023,"They're trying to develop a non-mRNA vaccine for the Avian Flu, that's why they want the Ostriches dead. Big Pharma is involved, this is much bigger than we thought. Now Trump is involved!",[],[],[],0,11,0,0,0,0,en,,,,
1,1927887428422967626,Thu May 29 00:39:16 +0000 2025,2025-05-29 00:39:16+00:00,Alan Blanes,manifesto2000,109064246,True,"Vancouver, British Columbia",6015,7501,True,48,165030,223421,Wed Jan 27 21:34:58 +0000 2010,"@atensnut As good as @POTUS is on some things, like clearing out Gaza, and facing up to the failures of the mRNA vaccine, he should not be playing around with tariffs. Congress needs to set these on a very long time horizon. @NewEconomics",[],[],[],0,185,3,0,1,2,en,,1927886813630263804,,
1,1927885249985290453,Thu May 29 00:30:36 +0000 2025,2025-05-29 00:30:36+00:00,Margaret Killin,Mademell,181241211,False,"Vancouver, British Columbia",27,47,True,0,104,352,Sat Aug 21 17:40:48 +0000 2010,@VerminusM @AssalRad That picture? That's where I got my covid vaccine.,[],[],[],0,19,0,0,0,0,en,,1927447547703865812,,
1,1927879440291254309,Thu May 29 00:07:31 +0000 2025,2025-05-29 00:07:31+00:00,Jim,JCWiggins,36686792,False,"Vancouver, BC",1375,234,False,11,3846,26187,Thu Apr 30 15:20:35 +0000 2009,"@FLsharkman @jameschenderson @wideawake_media ""prefusion trimer-stabilized S-2P despite of in non-particulate form seems to afford higher neutralization titres than other reported vaccine candidates, and thus holds promise for the development of a recombinant vaccine against SARS-CoV-2.""

So they showed this was possible.",[],[],[],0,10,0,0,0,0,en,,1927878774344835114,,
2,1927876683270348846,Wed May 28 23:56:34 +0000 2025,2025-05-28 23:56:34+00:00,The Thorny Side,thorny64528,1889552111651921925,True,Vancouver ,84,332,False,5,19,664,Wed Feb 12 05:49:41 +0000 2025,"WHO Global Vaccine Summit 2019:

Are these eight doctors also anti-vaxxers? Why would these experts who work for the WHO all have serious concerns about #vaccines safety?  

They never want you to mention #adjuvants for a reason. https://t.co/IqoeIpO5Hh","['vaccines', 'adjuvants']",[],[<Video id=1927875380418871296>],0,61,0,0,0,0,en,False,,,
2,1927875606340837572,Wed May 28 23:52:17 +0000 2025,2025-05-28 23:52:17+00:00,Jim,JCWiggins,36686792,False,"Vancouver, BC",1375,234,False,11,3846,26187,Thu Apr 30 15:20:35 +0000 2009,"@FLsharkman @jameschenderson @wideawake_media I don't get it - are you suggesting the vaccine is useless for everyone?
Or just for you?",[],[],[],0,21,0,0,0,1,en,,1927872066704794036,,
2,1927875009936060426,Wed May 28 23:49:55 +0000 2025,2025-05-28 23:49:55+00:00,The Thorny Side,thorny64528,1889552111651921925,True,Vancouver ,84,332,False,5,19,664,Wed Feb 12 05:49:41 +0000 2025,"@DrNeilStone What about the adjuvant effect? 

Are eight WHO doctors speaking at the 2019 Global Vaccine Summit regarding the lack of safety trials, “anti-vaxxers”? 

Why would these people be saying this? https://t.co/lPEKvMqhWG",[],[],[<Video id=1927874273709809665>],0,4,0,0,0,0,en,False,1927825668445794589,,
2,1927853247324111227,Wed May 28 22:23:26 +0000 2025,2025-05-28 22:23:26+00:00,Beaver Tales,BeaverTalez,1516316267174539266,False,Vancouver,53,229,False,0,3369,504,Tue Apr 19 07:22:32 +0000 2022,"@CTVNews How paid off does a so-called news organization have to be to push this nonense in 2025, after everything that's come out about the Covid vaccine",[],[],[],0,12,0,0,0,0,en,,1927842347083014400,,
2,1927851708937273567,Wed May 28 22:17:19 +0000 2025,2025-05-28 22:17:19+00:00,Footer,thefooter27,1153326926,False,"Vancouver, British Columbia",127,610,False,1,14112,805,Wed Feb 06 08:10:34 +0000 2013,"@NomadMike81 You’re being paranoid. I had the Trump vaccine and have had all the boosters. Just like 99%+ of everyone who has had them, I’ve had no problems.",[],[],[],0,64,0,0,0,0,en,,1927426369069215766,,
2,1927842858192564518,Wed May 28 21:42:09 +0000 2025,2025-05-28 21:42:09+00:00,🇨🇦Schtev🍌,schtev69,729246649,False,"White Rock, British Columbia",5619,2995,True,134,133927,118650,Tue Jul 31 21:08:19 +0000 2012,@CTVNews One would be insane to take this vaccine while pregnant 😲,[],[],[],0,330,58,1,0,0,en,,1927842347083014400,,
2,1927805078787752115,Wed May 28 19:12:02 +0000 2025,2025-05-28 19:12:02+00:00,Saturday Night Beer Review,SatNightBeer,1863203976520314880,True,Vancouver BC,503,686,True,1,6946,2386,Sun Dec 01 12:51:35 +0000 2024,"@CityNewsTO If you are otherwise healthy and under the age of 70 is your chance of survival still over 99%?  if so - no lockdowns required, no vaccine required, fear porn not necessary.",[],[],[],0,532,27,0,0,0,en,,1927781113080246640,,
2,1927794646320550016,Wed May 28 18:30:35 +0000 2025,2025-05-28 18:30:35+00:00,Wormstorm,BcBauer,1587661519344783360,False,"Vancouver, British Columbia",48,71,False,1,1980,782,Wed Nov 02 04:23:22 +0000 2022,"@NomadMike81 The covid ""vaccine"" was never a vaccine to begin with so start your decision making by educating yourself on the difference between MRNA gene therapy and the latter.",[],[],[],0,18,0,0,0,0,en,,1927426369069215766,,
2,1927772129035989143,Wed May 28 17:01:06 +0000 2025,2025-05-28 17:01:06+00:00,Miles Lunn 🇨🇦🇺🇦🇮🇱,mileslunn,902966850421571584,False,"Vancouver, British Columbia",2839,424,True,98,351228,303241,Wed Aug 30 18:50:48 +0000 2017,@greenrose351 @GeneralJansen And US kept vaccine mandate longer than Canada did.  Even if we dropped ours unvaccinated truckers would not be able to enter US due to their rules then.,[],[],[],0,21,1,0,0,0,en,,1927771492567101651,,
2,1927768885660377554,Wed May 28 16:48:13 +0000 2025,2025-05-28 16:48:13+00:00,Miles Lunn 🇨🇦🇺🇦🇮🇱,mileslunn,902966850421571584,False,"Vancouver, British Columbia",2839,424,True,98,351228,303241,Wed Aug 30 18:50:48 +0000 2017,"@fordhsmith @greenrose351 @GeneralJansen They did not.  Asides from small minority who cannot get vaccinated for health reasons, people just needed to get the damn shot like the rest of us.  Vaccine mandates were a way so we could keep things open and avoid lockdowns which most were tired of.",[],[],[],0,18,1,0,0,1,en,,1927767557181780156,,
2,1927759117650686145,Wed May 28 16:09:24 +0000 2025,2025-05-28 16:09:24+00:00,Julie 🇨🇦,JulieS604,360966766,False,"Vancouver, British Columbia",3003,2092,True,8,301606,98889,Wed Aug 24 01:32:00 +0000 2011,@duderanch18237 @LauraGreer31494 @NomadMike81 Been there done that for six months. I developed an autoimmune disease (poly myalgia rheumatica) coincidentally after my third covid vaccine. It was the bivalent shot,[],[],[],0,33,0,0,0,0,en,,1927705560033419323,,
2,1927753293997969735,Wed May 28 15:46:15 +0000 2025,2025-05-28 15:46:15+00:00,Heather Groves,heathergroves44,2423224339,False,"Vancouver, BC",329,862,False,0,15820,7106,Wed Apr 02 04:43:09 +0000 2014,@VDI1525016 @DiedSuddenly_ Observation of correlation is where science begins.  Science was stopped in its tracks at this point.  A safety trial that compares vaccine to the adjuvant and excipients is not scientific.,[],[],[],0,21,0,0,0,1,en,,1927542140185276493,,
2,1927622109708394698,Wed May 28 07:04:59 +0000 2025,2025-05-28 07:04:59+00:00,Jim,JCWiggins,36686792,False,"Vancouver, BC",1375,234,False,11,3846,26187,Thu Apr 30 15:20:35 +0000 2009,"@JaxenReport A huge public health success with vaccines developed in record time - millions of deaths prevented.

Don't give us this shit. It was a fucking massive emergency, and they pulled it off, delivering a safe vaccine.",[],[],[],0,15,0,0,0,0,en,,1927383294510829645,,
2,1927610169221120150,Wed May 28 06:17:32 +0000 2025,2025-05-28 06:17:32+00:00,Ralph Kuerbis,RalphKuerbis,821677992669802496,False,"Vancouver, British Columbia",893,124,False,0,15944,25470,Wed Jan 18 11:17:54 +0000 2017,"@wideawake_media By irrefutable definition of vaccine. ""A little of the dog that might bite you injected in the arm to get you used to the bite.""",[],[],[],0,9,0,0,0,0,en,,1927609489597079950,,
2,1927600365542801630,Wed May 28 05:38:34 +0000 2025,2025-05-28 05:38:34+00:00,Ralph Kuerbis,RalphKuerbis,821677992669802496,False,"Vancouver, British Columbia",893,124,False,0,15944,25470,Wed Jan 18 11:17:54 +0000 2017,"@liz_churchill10 Many vaccine varieties have the same or similar components, derived from the Pharmakeia 6000 year old cookbook of witchcraft. Those administering it will go on a witch hunt to track down their detractors, as they always have.
https://t.co/tAltK0ETnN",[],"[{'display_url': 'google.com/search?q=Pharm…', 'expanded_url': 'https://www.google.com/search?q=Pharmakeia&sca_esv=f9f078d8339da453&sxsrf=AE3TifP2T23vkBahsmd4YcS3r8Jd3xQcng%3A1748410492019&ei=fKA2aLh-vb3Q8Q_hoeeQCA&ved=0ahUKEwi4rLHSuMWNAxW9HjQIHeHQGYIQ4dUDCBA&uact=5&oq=Pharmakeia&gs_lp=Egxnd3Mtd2l6LXNlcnAiClBoYXJtYWtlaWEyChAjGIAEGCcYigUyBRAAGIAEMgUQABiABDIFEAAYgAQyBRAAGIAEMgUQABiABDIFEAAYgAQyBRAAGIAEMgUQABiABDIFEAAYgARIkmxQ3QVYr2FwAngBkAECmAFfoAGeCqoBAjE5uAEDyAEA-AEBmAINoALhBqgCCsICChAAGLADGNYEGEfCAg0QABiABBiwAxhDGIoFwgIPECMYgAQYJxiKBRhGGPkBwgIKEAAYgAQYFBiHAsICChAAGIAEGEMYigXCAgcQIxgnGOoCwgIHEC4YJxjqAsICCxAAGIAEGJECGIoFwgIOEC4YgAQYsQMYgwEYigXCAggQABiABBixA8ICCBAuGIAEGNQCwgIOEC4YgAQYsQMY0QMYxwHCAgsQABiABBixAxjJA8ICCxAAGIAEGJIDGIoFwgILEAAYgAQYsQMYgwHCAgcQABiABBgKmAMI8QUuWfI7vs56WogGAZAGCpIHAjEzoAeW5AGyBwIxMbgH1QbCBwgwLjEuMTAuMsgHUA&sclient=gws-wiz-serp', 'url': 'https://t.co/tAltK0ETnN', 'indices': [243, 266]}]",[],0,14,0,0,0,0,en,False,1927388628512063816,,
2,1927583016265625647,Wed May 28 04:29:38 +0000 2025,2025-05-28 04:29:38+00:00,Kaz DF,MusicOfU,310212019,False,"Vancouver, British Columbia",611,474,False,3,87665,11708,Fri Jun 03 11:15:30 +0000 2011,@ryangrim They occupied Palestine. Laid siege to Gaza. Control necessities into Gaza. Wouldn't even allow COVID vaccine. They shoot fishermen. Destroy rain water capture. Shoot protesters. All of this for years leading up to October 7. It was hell before. It's a genocide now.,[],[],[],0,50,0,1,0,0,en,,1927497923639611647,,
2,1927578962177532401,Wed May 28 04:13:31 +0000 2025,2025-05-28 04:13:31+00:00,Girl Incognito,Girl_Incognitos,1651513182,False,Vancouver BC,483,829,False,3,71662,9467,Tue Aug 06 23:48:52 +0000 2013,"@TrueFactsStated Sorry about your stepmom.
You do know that most polio cases in the 21st century is vaccine-derived polio. Not the wild virus.
Also RFK is correct. There is no 100% safe vaccine. Pretending there is has made alot of people d**d &amp; Big Pharma super rich.",[],[],[],0,81,0,0,0,0,en,,1927229105101021628,,
3,1927553328105271746,Wed May 28 02:31:40 +0000 2025,2025-05-28 02:31:40+00:00,Wendy 🇨🇦,perfectrose2011,342313862,False,"Vancouver, Canada",5980,4091,False,15,452194,429806,Mon Jul 25 20:26:52 +0000 2011,"@64dee @TheTrueJasonM @ElaineCarol3 request for a reply. It was a non-answer reply. I was furious at the lack of accountability but I then was in LA having had a J&amp;J vaccine 13 days prior and went at great expense to be protected from Covid in 2021. Non-caring? You bet. This time, we must push harder Federally.",[],[],[],0,19,1,0,0,0,en,,1927552879352517089,,
3,1927541226909180076,Wed May 28 01:43:35 +0000 2025,2025-05-28 01:43:35+00:00,Wendy 🇨🇦,perfectrose2011,342313862,False,"Vancouver, Canada",5980,4091,False,15,452194,429806,Mon Jul 25 20:26:52 +0000 2011,@MarkMer14129376 Having the same situation in Canada currently. The vaccine is approve but the govt. saying (to get out of taking the responsible stance and providing it) there isn't enough demand when there is and advantages to Novavax over Pfizer &amp; Moderna products.,[],[],[],0,97,3,0,0,1,en,,1927238449775427785,,
3,1927514944138067997,Tue May 27 23:59:08 +0000 2025,2025-05-27 23:59:08+00:00,CanAm Network,Canam_Network,1239418482392875008,True,Vancouver,1713,179,False,12,103,4573,Mon Mar 16 05:09:35 +0000 2020,CDC Removes COVID Vaccine Mandates for Healthy Children and Pregnant Women. https://t.co/wjOyMHhZdf,[],[],[<Video id=1927514831612940288>],0,45,0,0,0,0,en,False,,,
3,1927510667101143214,Tue May 27 23:42:09 +0000 2025,2025-05-27 23:42:09+00:00,X - Nucks IceMan,nucksiceman,18734269,True,Greater Vancouver,720,514,True,45,18947,61847,Wed Jan 07 19:32:22 +0000 2009,"Is this true @MakisMD ? 
You were part of it?
And now you circled back to treat it? 
Tell us how many Covid shots you administered? 
To children, women, seniors, teens, and others? 
What was the commission for each shot administered by the vaccine company’s? 
Let’s get the Truth out in the open. 👀",[],[],[],4,15984,7,3,0,20,en,False,,,
3,1927505174899110132,Tue May 27 23:20:19 +0000 2025,2025-05-27 23:20:19+00:00,X - Nucks IceMan,nucksiceman,18734269,True,Greater Vancouver,720,514,True,45,18947,61847,Wed Jan 07 19:32:22 +0000 2009,"I was a recipient of the Polio vaccine in the 1950’s. In Canadá. I believe it was 1953. 

I got polio after the vaccine and spent the next several years rehabilitating a limb.
My leg. As the muscles started to atrophy. 
At the Holy Cross Hospital, in Calgary, Alberta, Canadá, as an outpatient. 

Which required a special boot to wear and metal braces on each side of the leg. In order to walk. 

I wasn’t the only one in the Holy Cross Hospital. A lot of other children were there also. 

One of the treatments was the Radium Hot Springs near Banff, Alberta. The water and minerals in it were know to benefit the healing of the atrophied muscles.",[],[],[],0,26,0,0,0,0,en,,1924954931678912731,,
3,1927448528499986444,Tue May 27 19:35:14 +0000 2025,2025-05-27 19:35:14+00:00,The Thorny Side,thorny64528,1889552111651921925,True,Vancouver ,84,332,False,5,19,664,Wed Feb 12 05:49:41 +0000 2025,"WHO Director - Tedros Adhanom Ghebreyesus:

Says he didn't take the Covid vaccine because he wanted to protest. 

This is insane considering it was the most deadly virus of our lifetime. Does this mean he is responsible for spreading it as well?

#COVID19 
#vaccines https://t.co/Jz6zDAMzDI","['COVID19', 'vaccines']",[],[<Video id=1927448249314504705>],0,59,0,0,0,0,en,False,,,
3,1927446910534582572,Tue May 27 19:28:48 +0000 2025,2025-05-27 19:28:48+00:00,Miles Lunn 🇨🇦🇺🇦🇮🇱,mileslunn,902966850421571584,False,"Vancouver, British Columbia",2839,424,True,98,351228,303241,Wed Aug 30 18:50:48 +0000 2017,"@kfk222 @TheChaosWeeber Not case in BC.  In Alberta not against new jobs, just support ones that are not bad for environment.  Smith tried to close down renewable energy which had real potential and even film industry when banning vaccine mandates.",[],[],[],0,29,0,0,0,2,en,,1927443322957705590,,
3,1927442485636186366,Tue May 27 19:11:13 +0000 2025,2025-05-27 19:11:13+00:00,ForiOne,ForiOneRap,130662009,False,"Vancouver, British Columbia",306,502,True,2,45619,31712,Wed Apr 07 23:25:34 +0000 2010,"@WHO @DrTedros You did the same with the vaccine.
Too many people died because of this improvisation",[],[],[],0,15,0,0,0,0,en,,1927265938073612621,,
3,1927441268994417105,Tue May 27 19:06:23 +0000 2025,2025-05-27 19:06:23+00:00,Judy Jetson 🇨🇦,sweet_shel935,1639540043370094592,True,Edmonton & Vancouver ,458,672,False,2,6226,1663,Sat Mar 25 08:10:14 +0000 2023,@Naliabytes @TheBreakdownAB @ABDanielleSmith is our most threatening disease in Alberta. We need a vaccine to protect ourselves from Dani,[],[],[],0,383,16,3,0,0,en,,1927093244191441041,,
3,1927424934688546938,Tue May 27 18:01:28 +0000 2025,2025-05-27 18:01:28+00:00,Terri--Lee Wyborn,WybornLee,734260607164153857,False,Greater Vancouver,118,201,False,4,3489,3259,Sun May 22 05:52:25 +0000 2016,"How awesome !US drops COVID vaccine recommendations for healthy children, pregnant women - Reuters https://t.co/uoRDNUpJIZ",[],"[{'display_url': 'apple.news/AwcgaDUJnR3iT0…', 'expanded_url': 'https://apple.news/AwcgaDUJnR3iT09fXEzd4fw', 'url': 'https://t.co/uoRDNUpJIZ', 'indices': [99, 122]}]",[],0,4,0,0,0,0,en,False,,,
3,1927423339435270224,Tue May 27 17:55:08 +0000 2025,2025-05-27 17:55:08+00:00,"Tyler Black, MD",tylerblack32,164718384,True,"Vancouver, BC, Canada",53774,3787,True,661,59835,64787,Fri Jul 09 15:38:36 +0000 2010,"President of @ACOG:

""It is very clear that COVID infection during pregnancy can be catastrophic &amp; lead to major disability, &amp; it can cause devastating consequences for families. The COVID vaccine is safe during pregnancy, &amp; vaccination can protect our patients &amp; their infants.""",[],[],[],41,34307,1003,285,7,55,en,,,,
3,1927420689809641572,Tue May 27 17:44:36 +0000 2025,2025-05-27 17:44:36+00:00,Mike,Mike82611808,1500213606,False,"Coquitlam, BC Canada",402,31,True,2,1,18393,Tue Jun 11 04:00:19 +0000 2013,"@KISSopolis Gene didn’t keep his pie hole shut regarding the coronavirus vaccine.  Simmons is a hypocrite.  Someone should tell him that to his face.

cc: @genesimmons",[],[],[],0,16,0,0,0,0,en,,1926763817058312578,,
3,1927415964968034514,Tue May 27 17:25:50 +0000 2025,2025-05-27 17:25:50+00:00,L Graves,LGSentinel,824762326347706368,False,"Richmond, British Columbia",2254,4796,True,7,199824,67864,Thu Jan 26 23:33:56 +0000 2017,"The current COVID-19 shots keep more of alive and out of ICU.
Next step: a vaccine that stops all variants of COVID-19 from making us sick at all.
Will prevent transmission.
Bonus: no needles
only need to snort it up your nose.",[],[],[],0,60,1,0,0,0,en,,,"{'id': '1927361550215491831', 'text': 'A French nasal vaccine project against COVID-19 blocks all transmission of the virus – another step taken \n\nCould this really be true 🤞🏻 https://t.co/7kQy4kOMHw'}",
3,1927409051601715324,Tue May 27 16:58:22 +0000 2025,2025-05-27 16:58:22+00:00,The Thorny Side,thorny64528,1889552111651921925,True,Vancouver ,84,332,False,5,19,664,Wed Feb 12 05:49:41 +0000 2025,"Haha you think you're sharp but just proved my point. Hilarious that you use google AI as a source of truth 😂.

They use a placebo that also causes side effects! That's the entire problem. Its not saline. When they introduce a new vaccine, they test it against the old one. The old vaccine becomes the placebo. Saline, which never produces a side effect is never used. Therefore, you have two compounds that create side effects rather than one that does not meaning you never get an accurate idea. 

They have admitted this under deposition repeatedly but argue that they do not use a saline placebo because it is not “ethical” to keep a vaccine from a test subject. Because pharma companies are so concerned about ethics.

To make matters worse, as the schedule has grown, they have never been tested together and the amounts of metals in the adjuvants are really high once a child reaches 6 years old.

Maybe sit out when it comes to vaccine talks if you are not interested in digging beyond google searches. 

I'll be more than happy to flood you with more proof.",[],[],[],0,15,2,0,0,0,en,,1927400636074602725,,
3,1927403956633772489,Tue May 27 16:38:07 +0000 2025,2025-05-27 16:38:07+00:00,ForiOne,ForiOneRap,130662009,False,"Vancouver, British Columbia",306,502,True,2,45619,31712,Wed Apr 07 23:25:34 +0000 2010,@WHO Useless like the COVID Vaccine,[],[],[],0,135,1,0,1,0,en,,1927383642470314119,,
3,1927385566372413546,Tue May 27 15:25:02 +0000 2025,2025-05-27 15:25:02+00:00,Chris 🇨🇦🍁,ChrisKFilms,1181451945065799681,True,Greater Vancouver,1363,1424,True,1,86722,62432,Tue Oct 08 06:11:17 +0000 2019,"@DrTrash_Boat @SassyKru @TheBreakdownAB Hmm just like people decided the vaccine mandates were appropriate? 🤔

But you Clownvoy people didn’t care about that.",[],[],[],0,12,1,0,0,0,en,,1927176986398544346,,
3,1927365493700035055,Tue May 27 14:05:17 +0000 2025,2025-05-27 14:05:17+00:00,Carol Reardon,caroltreardon,2853867383,False,"Vancouver, British Columbia",1312,1386,False,11,19510,26117,Fri Oct 31 21:49:35 +0000 2014,@ShaMustard @RodAVanier I assume you also believe that the moon landing was staged and that the COVID vaccine causes aids?,[],[],[],0,14,0,0,0,1,en,,1927335830638436448,,
3,1927248699521933763,Tue May 27 06:21:11 +0000 2025,2025-05-27 06:21:11+00:00,Evan Kelly 🇨🇦,kelly957300,1694041407835750401,False,"Richmond, BC",201,194,False,2,1572,4800,Tue Aug 22 17:38:49 +0000 2023,"@POGGARU @DavidWolfe It’s not a concept. And getting your kids the measles vaccine protects others. It’s literally how we rid the world of things LIKE measles, polio, and small pox.",[],[],[],0,18,0,0,0,1,en,,1927241482798268891,,
3,1927225781912015163,Tue May 27 04:50:07 +0000 2025,2025-05-27 04:50:07+00:00,The Thorny Side,thorny64528,1889552111651921925,True,Vancouver ,84,332,False,5,19,664,Wed Feb 12 05:49:41 +0000 2025,"As usual, leftists cherry-pick a data point and present it as some sort of slam dunk. The right does it too, but not with such sociopathic confidence. 

Under Biden, from 2001 to 2023, 8,000 service members were discharged solely for refusing the vaccine: 3748 Marines, 1903 Army personnel, 1878 Sailors, and 671 Airmen.

In January 2023 (Biden’s term), after the mandate was repealed, only 43 of the discharged troops returned. 

Fast-forward to January of this year, Trump signed an executive order reinstating those discharged, restoring their rank, and providing back pay and benefits.  

No data has been officially released on re-enlisting since January 2025, but 15,597 individuals (excluding Coast Guard) have enlisted during his inauguration month (Jan 2025) alone (Dept of Defence data). While this number isn't a record, I believe it represents the highest count during his presidency. 

Media outlets such as Fox, CNN, and MSNBC regularly provide unreliable information and primarily serve to provoke and create division among us.",[],[],[],0,644,20,0,0,4,en,,1927220068816965729,,
4,1927212004994908631,Tue May 27 03:55:22 +0000 2025,2025-05-27 03:55:22+00:00,Jim,JCWiggins,36686792,False,"Vancouver, BC",1375,234,False,11,3846,26187,Thu Apr 30 15:20:35 +0000 2009,"@ilikeportals2 @DrNeilStone This is nonsense.
Billions of people received these vaccinations.
Some of them are dead now.
Does that mean the vaccine killed them?
OF COURSE NOT!!",[],[],[],0,139,16,0,0,1,en,,1927135673502360040,,
4,1927209893393568256,Tue May 27 03:46:59 +0000 2025,2025-05-27 03:46:59+00:00,Jim,JCWiggins,36686792,False,"Vancouver, BC",1375,234,False,11,3846,26187,Thu Apr 30 15:20:35 +0000 2009,"@WallStreetApes My guess (whatever Grok says) is that this is an utter crock of shit.
Some years the flu vaccine isn't very effective.
That's the real story.",[],[],[],0,7,0,0,0,0,en,,1926843640439022048,,
4,1927198065137516554,Tue May 27 02:59:58 +0000 2025,2025-05-27 02:59:58+00:00,Barry Krugman 🇨🇦,BarryKrugman,1489490482837303302,False,"Vancouver, BC ",2834,108,False,3,1925,8916,Fri Feb 04 06:46:40 +0000 2022,"@CallanJMBInc Zero loss in a major metro vaccine rollout = process, not luck. Hats off to Callan JMB.",[],[],[],0,7,2,0,0,0,en,,1926445209727975608,,
4,1927194994047070481,Tue May 27 02:47:46 +0000 2025,2025-05-27 02:47:46+00:00,Ryker,Ryker8356332,1681417020548472839,True,Vancouver,1532,1220,True,5,3231,5331,Tue Jul 18 21:34:07 +0000 2023,@kyllsex @KellyAyotte There is literally no proof whatsoever that the COVID vaccine stops transmission. I know many vaccinated people who infected other vaccinated people.,[],[],[],0,8,0,0,0,0,en,,1926236062952685754,,
4,1927194788291358961,Tue May 27 02:46:57 +0000 2025,2025-05-27 02:46:57+00:00,Money magnet,Bigstepper56,1163534271002234880,False,"Vancouver, British Columbia",33,178,False,0,17735,302,Mon Aug 19 19:32:52 +0000 2019,@taraliyah @MyronGainesX @jubileemedia Saying “we need a measles vaccine” without providing concrete proof as to how it’s helped prevent measles in any way isn’t good debating.,[],[],[],0,96,5,0,0,1,en,,1927162781888831957,,
4,1927193922402468111,Tue May 27 02:43:31 +0000 2025,2025-05-27 02:43:31+00:00,TODA Health,TODAHerbal,1042754598,False,"Vancouver, Canada",1631,1728,False,82,4192,4114,Fri Dec 28 17:47:52 +0000 2012,BREAKING: Recently declassified documents show the Biden administration labeled Americans as “domestic violent extremists” for simply opposing mask mandates and vaccine requirements.,[],[],[],0,24,0,0,0,0,en,,,"{'id': '1927028604329705509', 'text': 'BREAKING: Recently declassified documents show the Biden administration labeled Americans as “domestic violent extremists” for simply opposing mask mandates and vaccine requirements.\n\nThis is what tyranny looks like.\n\n https://t.co/1pdBYMQSEO'}",
4,1927166944563630500,Tue May 27 00:56:19 +0000 2025,2025-05-27 00:56:19+00:00,Andrew,Hootnanny9,1384576090018963463,False,"Vancouver, British Columbia",169,767,False,4,24258,13588,Tue Apr 20 18:34:05 +0000 2021,"@TDotResident So what’s your issue here exactly? He literal says he’s pro vaccine, but supports everyone’s right to personal medical choices. 

Are you people confused?",[],[],[],0,4,0,0,0,0,en,,1927089866371662210,,
4,1927165229277802657,Tue May 27 00:49:30 +0000 2025,2025-05-27 00:49:30+00:00,Law of Reflection,david_door57003,1669263686224216064,False,"Vancouver, British Columbia",14,35,False,0,99,716,Thu Jun 15 08:41:34 +0000 2023,"@DrNeilStone No one was forced.  Most who caught covid struggled mightily without the vaccine, and some actually died. The point was to reduce viral loads. If you understand how a virus works and how a vaccine works,you get it. Was never meant to eliminate. Just reduce risk and fallout.",[],[],[],0,12,0,0,0,0,en,,1926981346154467762,,
4,1927158740282757152,Tue May 27 00:23:43 +0000 2025,2025-05-27 00:23:43+00:00,Jim,JCWiggins,36686792,False,"Vancouver, BC",1375,234,False,11,3846,26187,Thu Apr 30 15:20:35 +0000 2009,"@BowieFan2024 @SCMike78 @igorsushko Despite pioneering the mRNA vaccines and producing them in their billions, the USA was more ""vaccine skeptical"", leading to a disastrous result.
And Trump (despite ""allowing"" the vaccine production to go ahead"" did nothing to push the ""get your ass vaccinated NOW"" mantra.",[],[],[],0,9,0,0,0,0,en,,1927151075187900435,,
4,1927095095565636021,Mon May 26 20:10:49 +0000 2025,2025-05-26 20:10:49+00:00,Jim,JCWiggins,36686792,False,"Vancouver, BC",1375,234,False,11,3846,26187,Thu Apr 30 15:20:35 +0000 2009,"@bizydaze247 @stkirsch Your EYE DOCTOR believes you are ""vaccine injured""?
How the fuck would they know?",[],[],[],0,7,0,0,0,1,en,,1927089650612551783,,
4,1927081419710341260,Mon May 26 19:16:28 +0000 2025,2025-05-26 19:16:28+00:00,True Facts! 🤞,TrueFactsCanada,1525982900587360256,True,"Vancouver, British Columbia",30735,24165,True,40,21499,31517,Sun May 15 23:34:54 +0000 2022,"@bishforcats @MarkJCarney @RoyalFamily TRUE FACT: Get another vaccine and go back to sleep, boomer.

Enjoy the tax on your home equity (coming soon). https://t.co/DDt5UcmmPT",[],[],[<Video id=1927081264932085760>],0,349,7,1,0,2,en,False,1927080364905771386,,
4,1927080705407791320,Mon May 26 19:13:38 +0000 2025,2025-05-26 19:13:38+00:00,Astro,Astro9063133753,1854250439287685120,True,"Vancouver, British Columbia",2049,2122,False,6,91559,26033,Wed Nov 06 19:53:01 +0000 2024,Dr. Peter McCullough’s bombshell vaccine testimony | Blaze Media https://t.co/xndqi4tB6Y,[],"[{'display_url': 'theblaze.com/shows/pat-gray…', 'expanded_url': 'https://www.theblaze.com/shows/pat-gray-unleashed/vaccine-myocarditis-mccullough', 'url': 'https://t.co/xndqi4tB6Y', 'indices': [65, 88]}]",[],0,3,0,0,0,0,en,False,,,
4,1927073915601379821,Mon May 26 18:46:39 +0000 2025,2025-05-26 18:46:39+00:00,Alan Blanes,manifesto2000,109064246,True,"Vancouver, British Columbia",6015,7501,True,48,165030,223421,Wed Jan 27 21:34:58 +0000 2010,@chucklane @iluminatibot @BillGates needs to face the fact that regions of Africa where nRNA vaccine was virtually unknown had the world's lowest rates of injury and death from covid. Grok explains the numbers...https://t.co/YSEbgJTZuZ,[],"[{'display_url': 'x.com/i/grok/share/z…', 'expanded_url': 'https://x.com/i/grok/share/zRLFwtA45TT698tUR1cJ3qIqy', 'url': 'https://t.co/YSEbgJTZuZ', 'indices': [212, 235]}]",[],0,12,0,0,0,0,en,False,1926930824487653787,,
4,1927064377137430588,Mon May 26 18:08:45 +0000 2025,2025-05-26 18:08:45+00:00,Jim,JCWiggins,36686792,False,"Vancouver, BC",1375,234,False,11,3846,26187,Thu Apr 30 15:20:35 +0000 2009,"@BamaTorch1992 @wideawake_media Proving this ain't so is akin to proving there is no alien DNA in human blood.
""Circulating  SARS-CoV-2 Vaccine Antigen Detected in the Plasma of mRNA-1273 Vaccine  Recipients.""

S1 antigen cleared with a median time of 5 days post-vaccination.",[],[],[],0,10,0,0,0,0,en,,1926718575370268914,,
4,1927057106294690270,Mon May 26 17:39:51 +0000 2025,2025-05-26 17:39:51+00:00,Jim,JCWiggins,36686792,False,"Vancouver, BC",1375,234,False,11,3846,26187,Thu Apr 30 15:20:35 +0000 2009,"@WOYER_ @The_Traveler333 @toobaffled Read the fucking paper &amp; think about who wrote it and the people who vet these papers not to mention those who cite it in other research.
This is the opposite of what you are saying.
They DID investigate it and they DO investigate vaccine safety. Not ""repeat what they're told"".",[],[],[],0,16,0,0,0,1,en,,1927056546036416957,,
4,1927053051782713487,Mon May 26 17:23:45 +0000 2025,2025-05-26 17:23:45+00:00,L Graves,LGSentinel,824762326347706368,False,"Richmond, British Columbia",2254,4796,True,7,199824,67864,Thu Jan 26 23:33:56 +0000 2017,"@DrNeilStone ""Take a vaccine-preventable disease, any disease, and look at the possible long-term or deadly things it can cause. """,[],[],[],0,52,1,0,0,1,en,,1926977432705228838,,
4,1927050862515355780,Mon May 26 17:15:03 +0000 2025,2025-05-26 17:15:03+00:00,L Graves,LGSentinel,824762326347706368,False,"Richmond, British Columbia",2254,4796,True,7,199824,67864,Thu Jan 26 23:33:56 +0000 2017,"Don't believe that man's lies.
The COVID-19 vaccine does not change the human genome.
The vaccines may use different techniques but all have the same effect: teaching our bodies to learn to recognize and fight off the virus that causes COVID.",[],[],[],0,36,1,0,0,0,en,,,"{'id': '1926806734275858659', 'text': '1/ Peter McCullough is back with another bombastic headline:\n\n“Genetic Bombshell! COVID-19 Vaccines Change the Human Genome”\n\nLet’s break it down: what he claims, what the science actually says, and what pattern his recent writings follow. https://t.co/YO5lMFJdFZ'}",
4,1927046641619505291,Mon May 26 16:58:16 +0000 2025,2025-05-26 16:58:16+00:00,Jim,JCWiggins,36686792,False,"Vancouver, BC",1375,234,False,11,3846,26187,Thu Apr 30 15:20:35 +0000 2009,"@Keiko11906733 @DiedSuddenly_ Covid killed multiple people in my neighborhood alone.
And how do you know the vaccine killed your friend?
There are so few documented cases of this I can't find them.",[],[],[],0,39,1,0,0,1,en,,1927036578930516326,,
5,1927002522721320970,Mon May 26 14:02:58 +0000 2025,2025-05-26 14:02:58+00:00,Evan Kelly 🇨🇦,kelly957300,1694041407835750401,False,"Richmond, BC",201,194,False,2,1572,4800,Tue Aug 22 17:38:49 +0000 2023,"@POGGARU @DavidWolfe Well, if you did a little digging you’d find far different results. For kids under 5, mortality rate is around 13%. Over 100,000 people around the world died from measles in 2024, mostly kids. All easy to fix with a vaccine. But don’t worry, your kids will be fine right?",[],[],[],0,9,0,0,0,1,en,,1926915912327741654,,
5,1926862320996606345,Mon May 26 04:45:51 +0000 2025,2025-05-26 04:45:51+00:00,Jim,JCWiggins,36686792,False,"Vancouver, BC",1375,234,False,11,3846,26187,Thu Apr 30 15:20:35 +0000 2009,"@DaStraatosphere @britom1947 @toobaffled It's true that Trump said it would go away by spring. But the people I was paying attention to were clear they were very concerned about mutation and getting the vaccine right for that first wave. Then changing it to deal with Omicron.
Fact is it was new, hence the ""novel"" bit.",[],[],[],0,15,0,0,0,1,en,,1926861357359448340,,
5,1926859621215408249,Mon May 26 04:35:07 +0000 2025,2025-05-26 04:35:07+00:00,Jim,JCWiggins,36686792,False,"Vancouver, BC",1375,234,False,11,3846,26187,Thu Apr 30 15:20:35 +0000 2009,"@DiedSuddenly_ I'll take the polio vaccine over polio.
And the Covid vaccine over Covid.
And the tetanus vaccine over Tetanus. 
Etc.",[],[],[],0,579,12,0,0,12,en,,1926833401669005788,,
5,1926855068180996542,Mon May 26 04:17:02 +0000 2025,2025-05-26 04:17:02+00:00,Veronica Jackson,vjackson9999,376528098,False,"Burnaby, British Columbia",2137,1967,False,2,38468,30835,Tue Sep 20 01:40:06 +0000 2011,"@mark_slapinski @DKVW_Elmer Polio wasn’t eradicated before the vaccine.  All vaccines are toxic, my nephew hasn’t spoken a word since the day he had his measles vaccine.",[],[],[],0,10,0,0,0,0,en,,1926418187244945844,,
5,1926852274451526078,Mon May 26 04:05:56 +0000 2025,2025-05-26 04:05:56+00:00,The Thorny Side,thorny64528,1889552111651921925,True,Vancouver ,84,332,False,5,19,664,Wed Feb 12 05:49:41 +0000 2025,"@DrNeilStone Could you provide a link to the MMR vaccine blind placebo-controlled trials conducted before licensing? 

They surely conduct placebo groups for vaccines, as they do for every other medication, don't they? 

Post the results. I'll even send you $100.

I'll wait.",[],[],[],0,5,1,0,0,0,en,,1926721452746633512,,
5,1926829227455770810,Mon May 26 02:34:21 +0000 2025,2025-05-26 02:34:21+00:00,Wendy 🇨🇦,perfectrose2011,342313862,False,"Vancouver, Canada",5980,4091,False,15,452194,429806,Mon Jul 25 20:26:52 +0000 2011,@Scooter_Cathy Did you write your email to the PM or Federal Health Minister yourself. No good to just made the statement here. The higher up in government need to know many want this vaccine.,[],[],[],0,200,3,0,0,0,en,,1926820389948137608,,
5,1926789202475106351,Sun May 25 23:55:18 +0000 2025,2025-05-25 23:55:18+00:00,Jim,JCWiggins,36686792,False,"Vancouver, BC",1375,234,False,11,3846,26187,Thu Apr 30 15:20:35 +0000 2009,"@mothrfunkr @nportocarero @DrNeilStone The goal post is simply showing that vaccines given to people led to the deaths of those people. Not ""oh, that guy died stroked out that night, a week after, months after"" but ""what killed him was the vaccine"", shown by an autopsy.

You can't show this because it didn't happen.",[],[],[],0,10,0,0,0,0,en,,1926787859706503515,,
6,1926785929810718911,Sun May 25 23:42:18 +0000 2025,2025-05-25 23:42:18+00:00,Rainee Ramone,OfficeGuru247,1165171112,False,"Vancouver, BC",363,465,True,19,18022,8258,Sun Feb 10 07:08:49 +0000 2013,@broadwaybabyto Just got what I think is my 9th covid vaccine. We're a little bit more proactive up here in Canada.,[],[],[],0,61,0,0,0,1,en,,1926381029780038038,,
6,1926782828794032511,Sun May 25 23:29:58 +0000 2025,2025-05-25 23:29:58+00:00,Jimmy Mitchell,vanjimbo,2379430261,False,"Burnaby, British Columbia",2414,3605,False,26,44626,145973,Sat Mar 08 23:05:10 +0000 2014,@catturd2 That they all were injected with the Covid 19 Vaccine is the common denominator?,[],[],[],0,13,0,0,0,0,en,,1926700063067189462,,
6,1926760321785397542,Sun May 25 22:00:32 +0000 2025,2025-05-25 22:00:32+00:00,Bean & Sprout's Mom,beansprouts_mom,3282955777,False,"Vancouver, British Columbia",5789,3294,True,46,470055,167010,Sat Jul 18 02:23:04 +0000 2015,"@rwrandall @timthielmann @AbundantLandUse Also, we have BSL3 vaccine labs in Canada more suited for vaccine research than a non-biosecure farm 🤷‍♀️",[],[],[],0,67,7,0,0,0,en,,1926754214736183595,,
6,1926754572170654199,Sun May 25 21:37:42 +0000 2025,2025-05-25 21:37:42+00:00,Jim,JCWiggins,36686792,False,"Vancouver, BC",1375,234,False,11,3846,26187,Thu Apr 30 15:20:35 +0000 2009,@KenNevering @liz_churchill10 Tell that to my neighbors next door. Both died of Covid. Both refused the vaccine.,[],[],[],0,6,0,0,0,0,en,,1926410487362687364,,
6,1926750755681141179,Sun May 25 21:22:32 +0000 2025,2025-05-25 21:22:32+00:00,Jim,JCWiggins,36686792,False,"Vancouver, BC",1375,234,False,11,3846,26187,Thu Apr 30 15:20:35 +0000 2009,"@bizydaze247 @stkirsch I don't know your situation but most people who believe themselves to be ""vaccine injured"" are not - they may be ""Covid injured"" but that would require some investigation.
There is little to no evidence of widespread Covid vaccine injury. It's possible you're incredibly unlucky.",[],[],[],0,18,0,0,0,1,en,,1926606935400263907,,
6,1926747341312209159,Sun May 25 21:08:58 +0000 2025,2025-05-25 21:08:58+00:00,Marc Nixon,MarcNixon24,1643790929608974336,True,"Vancouver, British Columbia",63366,508,True,235,69047,16693,Thu Apr 06 01:41:34 +0000 2023,"@govt_corrupt Why in the hell did you discuss the vaccine at your family gather. 

You should’ve been discussing what type of beer you want to enjoy",[],[],[],0,1007,25,0,0,1,en,,1926740047446864380,,
6,1926732245173190849,Sun May 25 20:08:58 +0000 2025,2025-05-25 20:08:58+00:00,Jim,JCWiggins,36686792,False,"Vancouver, BC",1375,234,False,11,3846,26187,Thu Apr 30 15:20:35 +0000 2009,"@nportocarero @mothrfunkr @DrNeilStone What ""EU database""
There are no records of ""50,000 vaccine deaths"" in any EU database.",[],[],[],0,22,0,0,0,2,en,,1926731599653068911,,
6,1926722678976630861,Sun May 25 19:30:58 +0000 2025,2025-05-25 19:30:58+00:00,Jim,JCWiggins,36686792,False,"Vancouver, BC",1375,234,False,11,3846,26187,Thu Apr 30 15:20:35 +0000 2009,"@nportocarero @mothrfunkr @DrNeilStone Show real data. Vaccine injuries are real. But incredibly rare. I have yet to find an example (let alone hundreds) of Covid vaccination proven to cause a death.
However, given the billions of vaccinations it's hard to believe this never happened.",[],[],[],0,33,0,0,0,2,en,,1926721006564999503,,
6,1926717863181623650,Sun May 25 19:11:49 +0000 2025,2025-05-25 19:11:49+00:00,Jim,JCWiggins,36686792,False,"Vancouver, BC",1375,234,False,11,3846,26187,Thu Apr 30 15:20:35 +0000 2009,"@mothrfunkr @nportocarero @DrNeilStone This is the level of anti-vaccine rhetoric in 2025. Congrats, you pwnd Big Pharma.",[],[],[],0,8,0,0,0,0,en,,1926717481256636736,,
6,1926700268239888506,Sun May 25 18:01:54 +0000 2025,2025-05-25 18:01:54+00:00,Scott M. (@ Hiker_Scott@ m s t d n . c a ),Hiker_Scott,61788662,False,"Port Moody, British Columbia",1083,1436,True,39,33269,71572,Fri Jul 31 14:57:46 +0000 2009,"@Friesein Unfortunately, with the short expiry of Novavax, Washington State has removed it from their Adult Vaccine Program:  https://t.co/uwrb5gIuMs",[],"[{'display_url': 'content.govdelivery.com/accounts/WADOH…', 'expanded_url': 'https://content.govdelivery.com/accounts/WADOH/bulletins/3d7f421', 'url': 'https://t.co/uwrb5gIuMs', 'indices': [126, 149]}]",[],2,5681,8,3,1,2,en,False,1925907234044735700,,
6,1926692970356408727,Sun May 25 17:32:55 +0000 2025,2025-05-25 17:32:55+00:00,Jim,JCWiggins,36686792,False,"Vancouver, BC",1375,234,False,11,3846,26187,Thu Apr 30 15:20:35 +0000 2009,"@mr_e_guy @AnnaRMatson @AaronSiriSG This is true. And explains why so many fewer vaccinated people were hospitalized or died of it.
These days almost everyone has a combo of natural and vaccine-based immunity, so it's far less deadly.",[],[],[],0,12,1,0,0,1,en,,1926677538316677204,,
6,1926674568611012912,Sun May 25 16:19:47 +0000 2025,2025-05-25 16:19:47+00:00,"I am UNACCEPTABLE, but you can call me Kelly",UntilIcanthink,973000873,False,"Vancouver, British Columbia",4406,4713,False,4,117562,87677,Tue Nov 27 00:49:40 +0000 2012,"@mark_slapinski ORRRRRRRR, you could look a little deeper into the vaccine issue and stop spreading misinformation.

Google Scholar:
""vaccine strain measles""
""About 115,000 results (0.11 sec)""
https://t.co/ucLW1dJpYX+",[],"[{'display_url': 'scholar.google.com/scholar?hl=en&…', 'expanded_url': 'https://scholar.google.com/scholar?hl=en&as_sdt=0%2C5&q=vaccine+strain+measles&oq=vaccine+strain', 'url': 'https://t.co/ucLW1dJpYX', 'indices': [193, 216]}]",[],0,6,0,0,0,0,en,False,1926400012335919575,,
6,1926659289390723197,Sun May 25 15:19:04 +0000 2025,2025-05-25 15:19:04+00:00,Steve,SGibbsWRX,1801688190551789571,False,"Vancouver, British Columbia",474,1102,False,4,9950,484,Fri Jun 14 18:48:57 +0000 2024,@ClaudeLavigne12 You should redirect your anger at the experimental vaccine.  Big Pharmaceutical short term study!,[],[],[],0,8,0,0,0,0,en,,1926344973701546278,,
6,1926615023591239795,Sun May 25 12:23:11 +0000 2025,2025-05-25 12:23:11+00:00,🇲‌🇦‌🇸‌🇹‌🇪‌🇷‌ 🇾‌🇪‌🇹‌🇮‌,The_Master_Yeti,59244542,True,Vancouver,2513,3081,True,14,166589,71440,Wed Jul 22 20:48:24 +0000 2009,"@liz_churchill10 Where's the study and data that shows that the vaccine caused cancer?

Would we not have vaccine records showing who took the polio vaccine?

Should be easy enough to correlate that data.",[],[],[],0,275,0,0,0,0,en,,1926322001339158614,,
7,1926544017904357773,Sun May 25 07:41:01 +0000 2025,2025-05-25 07:41:01+00:00,Nowhere Left 🇨🇦🇺🇸,eaglechrisgold,785934718596296705,False,"Vancouver, Canada",2448,4903,False,2,81965,186684,Tue Oct 11 20:06:53 +0000 2016,"@mark_slapinski there are many many such cases as well as babies with vaccine injuries.

 Are you willing to take responsibility for the childhood vaccines you are recommending and promoting?

SIDS and vaccines are being shown to be related.",[],[],[],0,9,0,0,0,0,en,,,"{'id': '1926331829188989192', 'text': 'DEATH BY VACCINE \n\nWhen Andrea Shaw brought her 18-month-old twins in for their wellness visit on April 23, she told the pediatrician she had concerns about the twins receiving the flu shot because her husband’s family had a history of adverse reactions to the vaccine.\n\nThe pediatrician told her the babies would be OK and had nurses give the twins the shot. The twins also received the Hepatitis A vaccine and the DTaP (diphtheria, tetanus, pertussis) vaccine.\n\nRoughly one week later, on May 1, Andrea found the babies — a girl named Dallas and a boy named Tyson — dead in their bed after apparently passing away in their sleep. 😪'}",
7,1926503767144280247,Sun May 25 05:01:05 +0000 2025,2025-05-25 05:01:05+00:00,Wendy 🇨🇦,perfectrose2011,342313862,False,"Vancouver, Canada",5980,4091,False,15,452194,429806,Mon Jul 25 20:26:52 +0000 2011,"@raghu_venugopal I just found this excellent article about measles globally historically before and after the measles vaccine. 
https://t.co/KE5IQ9o9EO",[],"[{'display_url': 'unicef.org/eca/stories/ho…', 'expanded_url': 'https://www.unicef.org/eca/stories/how-dangerous-measles', 'url': 'https://t.co/KE5IQ9o9EO', 'indices': [128, 151]}]",[],1,28,1,0,0,0,en,False,1926391762949484761,,
7,1926498352784367668,Sun May 25 04:39:34 +0000 2025,2025-05-25 04:39:34+00:00,Jim,JCWiggins,36686792,False,"Vancouver, BC",1375,234,False,11,3846,26187,Thu Apr 30 15:20:35 +0000 2009,"@Breezie96781443 @jsm2334 @AnnaRMatson How many of those cases were mild and resolved themselves within a few weeks?
How many were serious cases?
How many died of myocarditis from the vaccine?",[],[],[],0,7,0,0,0,1,en,,1926486741898121618,,
7,1926484164682920296,Sun May 25 03:43:11 +0000 2025,2025-05-25 03:43:11+00:00,Wendy 🇨🇦,perfectrose2011,342313862,False,"Vancouver, Canada",5980,4091,False,15,452194,429806,Mon Jul 25 20:26:52 +0000 2011,"@CandiBRed @SeditiousMe @deonandan From an article about global measles: ""Every year, around 136,000 people worldwide die from measles and the  complications caused by the disease. Most of them are children. In 2000, before the measles vaccine was as widely available as it is today, 761,000 children died from 1/2",[],[],[],0,14,0,0,0,1,en,,1926482945855856771,,
7,1926448298149220761,Sun May 25 01:20:40 +0000 2025,2025-05-25 01:20:40+00:00,tarabibarati,tarabibarati,38120332,False,"Vancouver, British Columbia",622,3139,True,1,29898,17237,Wed May 06 05:17:39 +0000 2009,@DrNeilStone Have you EVER spoken up for the vaccine injured? No. You have not. Wanna talk about snakes?,[],[],[],0,13,0,0,0,0,en,,1926188894090825979,,
7,1926447663051943959,Sun May 25 01:18:09 +0000 2025,2025-05-25 01:18:09+00:00,The Thorny Side,thorny64528,1889552111651921925,True,Vancouver ,84,332,False,5,19,664,Wed Feb 12 05:49:41 +0000 2025,"Anthony Fauci:

“She is as protected as anybody can be, cause the best vaccination is to get infected yourself…if she really has the flu...she definitely doesn’t need the flu vaccine.""

“Trust” the science. 

#fauci
#vaccine 
#experts
#COVID19 https://t.co/YZD78cluCD","['fauci', 'vaccine', 'experts', 'COVID19']",[],[<Video id=1926446167845437440>],0,60,0,0,0,0,en,False,,,
7,1926445691624173758,Sun May 25 01:10:19 +0000 2025,2025-05-25 01:10:19+00:00,Jim,JCWiggins,36686792,False,"Vancouver, BC",1375,234,False,11,3846,26187,Thu Apr 30 15:20:35 +0000 2009,"@Breezie96781443 @jsm2334 @AnnaRMatson This is not news. And myocarditis was expected to be a side effect. Fortunately, as expected, the cases were mild.
Or are you suggesting there's something else to learn from this?
How many serious cases (let alone deaths) from vaccine induced myocarditis have been found?",[],[],[],0,13,0,0,0,1,en,,1926426052739350696,,
7,1926423765761573067,Sat May 24 23:43:11 +0000 2025,2025-05-24 23:43:11+00:00,Ryker,Ryker8356332,1681417020548472839,True,Vancouver,1532,1220,True,5,3231,5331,Tue Jul 18 21:34:07 +0000 2023,"@fan62814 @KellyAyotte What does the vaccine make you hostile or just stupid? It kills brain cells, that’s already been proven.",[],[],[],0,16,0,0,0,2,en,,1926318901064839548,,
7,1926368488534180154,Sat May 24 20:03:32 +0000 2025,2025-05-24 20:03:32+00:00,Dave's a real name,davidconstable6,379383555,False,Salish Sea,1372,582,False,22,149167,67106,Sat Sep 24 21:28:56 +0000 2011,"@nancyvictoria @CHEK_News Several vaccines were developed around the world. I remember Cuba developed two, at least. 
But, yes, I remember when vaccine promotion began here in North America, one company dominated the news cycle.
I was always suspicious of our Cdn Gvt making the vax contracts secret.",[],[],[],0,21,1,0,0,0,en,,1926349743371808913,,
7,1926363448671084966,Sat May 24 19:43:30 +0000 2025,2025-05-24 19:43:30+00:00,Aaron Mckay,WrestlingMcKay,1802105117128192000,True,"Vancouver, British Columbia",954,568,True,1,6348,3273,Sat Jun 15 22:25:27 +0000 2024,@elonmusk The vaccine wasn't pointless it killed and injured people.  Very effective in the depopulation plan. But noone is in jail.,[],[],[],0,53,4,0,0,2,en,,1926101856213700931,,
7,1926347934259433512,Sat May 24 18:41:51 +0000 2025,2025-05-24 18:41:51+00:00,Jim,JCWiggins,36686792,False,"Vancouver, BC",1375,234,False,11,3846,26187,Thu Apr 30 15:20:35 +0000 2009,"@Wood_House76 @DrAseemMalhotra The vaccines were an incredible success preventing millions of deaths. 

Amazing the Malhotras of this world are given any time whatsoever.

And posting absurd shit trying to minimize the vaccine success is so fucking lame.",[],[],[],0,1555,0,0,0,5,en,,1926301716237991989,,
7,1926345747655512358,Sat May 24 18:33:10 +0000 2025,2025-05-24 18:33:10+00:00,Ryker,Ryker8356332,1681417020548472839,True,Vancouver,1532,1220,True,5,3231,5331,Tue Jul 18 21:34:07 +0000 2023,"@Republiqu1FR @KellyAyotte Die by being around someone who is unvaccinated I mean. If the vaccine works, then you have nothing to worry about.",[],[],[],0,22,0,0,0,1,en,,1926320157267218720,,
7,1926338071223570694,Sat May 24 18:02:40 +0000 2025,2025-05-24 18:02:40+00:00,Jim,JCWiggins,36686792,False,"Vancouver, BC",1375,234,False,11,3846,26187,Thu Apr 30 15:20:35 +0000 2009,"@UncShaky @Humanspective Here's my reasoning: he was high profile spreading anti-vaccine BS. During the peak years of COVID, unvaccinated people were dying at a greater rate than vaccinated. Some of those people may well have been influenced by his misinformation.",[],[],[],0,16,0,0,0,0,en,,1926326540985323967,,
7,1926329818292879867,Sat May 24 17:29:52 +0000 2025,2025-05-24 17:29:52+00:00,Mike Chau,MikeChau11,1325999685480312832,False,"Surrey, British Columbia",9,30,False,0,13,6,Tue Nov 10 03:12:27 +0000 2020,@elonmusk Covid from the lab and vaccine also from the lab. That’s why it’s a solution. Period,[],[],[],1,34,3,0,0,0,en,,1926101856213700931,,
7,1926320157267218720,Sat May 24 16:51:29 +0000 2025,2025-05-24 16:51:29+00:00,Ryker,Ryker8356332,1681417020548472839,True,Vancouver,1532,1220,True,5,3231,5331,Tue Jul 18 21:34:07 +0000 2023,"@Republiqu1FR @KellyAyotte So if the vaccine actually works, please explain how YOU would DIE by being around someone who is vaccinated. 🤣",[],[],[],0,42,2,0,0,1,en,,1926236895991759084,,
8,1926311409148690770,Sat May 24 16:16:43 +0000 2025,2025-05-24 16:16:43+00:00,Bee More,bigcitydude,101974545,False,Vancouver BC,70,81,True,0,1425,1954,Tue Jan 05 05:59:15 +0000 2010,"@RebelNews_CA @DreaHumphrey Somebody controlled that drone, I think we can figure out who and why.
Suppressing immunity everything needs a vaccine",[],[],[],0,5,0,0,0,0,en,,1926063580366999693,,
8,1926294053294891366,Sat May 24 15:07:45 +0000 2025,2025-05-24 15:07:45+00:00,SRB ~ Wolf of Lonsdale,stevebehrisch,17494097,True,"Vancouver, BC",988,1946,True,20,63653,28769,Wed Nov 19 20:13:01 +0000 2008,"‘This Is Going to Be a Slog’: Senate Hearing on Cover-Up of COVID Vaccine Risks Just the ‘Tip of the Iceberg,’ Johnson Tells Committee https://t.co/7c3LqApirn",[],"[{'display_url': 'tdefender.substack.com/p/this-is-goin…', 'expanded_url': 'https://tdefender.substack.com/p/this-is-going-to-be-a-slog-senate?publication_id=2173740&utm_campaign=email-post-title&r=3ml3di&utm_medium=email', 'url': 'https://t.co/7c3LqApirn', 'indices': [135, 158]}]",[],0,14,0,0,0,0,en,False,,,
8,1926290340908040228,Sat May 24 14:53:00 +0000 2025,2025-05-24 14:53:00+00:00,Ed Florencio,edfloren,2321754660,False,"Burnaby, British Columbia",197,195,False,1,29398,2235,Sat Feb 01 04:26:44 +0000 2014,"@xtybklqrp19 Infected na yan ng Sayad virus! Hindi na-contained ang virus na ito sa Davao, lumaganap na sa buong Pilipinas. The worst thing walang vaccine dito kundi martilyuhin sa ulo!",[],[],[],0,208,9,0,0,2,tl,,1926188702394363987,,
8,1926287965661057239,Sat May 24 14:43:34 +0000 2025,2025-05-24 14:43:34+00:00,Robin R Reichman🇺🇸,RobinReichman1,1519520201129152512,True,"Vancouver, British Columbia",6384,3193,True,12,28715,106487,Thu Apr 28 03:33:52 +0000 2022,"Can’t imagine being one of those people that posted pictures of themselves and children “Got My Vaccine”sticker like it was a flex 💪 
in 2020.  
“Stupid is as Stupid does” https://t.co/LXPBaIWXVC",[],[],[<AnimatedGif id=1926287958618816512>],0,57,0,1,0,2,en,False,,,
8,1926282569055687000,Sat May 24 14:22:07 +0000 2025,2025-05-24 14:22:07+00:00,LiamMc,LMc31214115,1427371867111895042,False,Surrey,83,253,False,2,4674,5083,Mon Aug 16 20:50:26 +0000 2021,@Rothmus Covid vaccine is doing its job,[],[],[],0,12,0,0,0,0,en,,1926043970821345721,,
8,1926171341301965000,Sat May 24 07:00:08 +0000 2025,2025-05-24 07:00:08+00:00,Jan Hajek,ahoysvet,1250673942,False,University of British Columbia,658,502,False,8,7504,3256,Fri Mar 08 04:08:31 +0000 2013,@DrOribaDan Uganda also still seems to be missing the birth dose of HBV vaccine https://t.co/p9xQimB1ut,[],[],[<Photo id=1926170789721575425>],0,58,0,0,0,2,en,False,1926167275633033553,,
8,1926164354715590962,Sat May 24 06:32:23 +0000 2025,2025-05-24 06:32:23+00:00,Jim,JCWiggins,36686792,False,"Vancouver, BC",1375,234,False,11,3846,26187,Thu Apr 30 15:20:35 +0000 2009,"@inkjetblue @DrNeilStone @TheRebelPatient @StephenM @KerriKupecDOJ @FBI @FBIDDBongino Glad you mentioned the conspiracy.
Let us know who was in on it and how they managed to cover up the truth of vaccine deaths vs the claim that millions were saved.
A truly epic conspiracy.
Looking forward to your insight.",[],[],[],0,11,0,0,0,0,en,,1926062184527720563,,
8,1926161836505698734,Sat May 24 06:22:22 +0000 2025,2025-05-24 06:22:22+00:00,Jan Hajek,ahoysvet,1250673942,False,University of British Columbia,658,502,False,8,7504,3256,Fri Mar 08 04:08:31 +0000 2013,"@kylekemper @thevivafrei @markhollandlib - ""we inject the hen with an anitgen, it's a dead virus, it's not a vaccine...""

- that is similar to saying ""2 + 2, is not 4 ""

it's a vaccine - they are vaccinating those ostriches - and the vaccines work",[],[],[],0,19,1,0,0,0,en,,1923207858071437538,,
8,1926119971102335376,Sat May 24 03:36:01 +0000 2025,2025-05-24 03:36:01+00:00,Capt.Anthony,Tony_Bagadonuts,1503202551017054211,False,"Vancouver, British Columbia",397,444,False,1,42580,9277,Mon Mar 14 02:53:21 +0000 2022,"@mark_slapinski @tedcamp They died because of the ventilators. Fauci admitted this. Remdesivir is a poison that should never of been approved with a 51% kill rate.
The stats are out that millions died because of the C19 vaccine. Bill gates told us directly about reducing the  world population. This is it",[],[],[],0,27,1,0,0,1,en,,1925707494095004059,,
8,1926069006139548110,Sat May 24 00:13:30 +0000 2025,2025-05-24 00:13:30+00:00,Allegedly,Allegedlie,1473210583134523395,True,"Vancouver, British Columbia",416,93,False,5,398,6085,Tue Dec 21 08:36:01 +0000 2021,@noringe88195 @nogulagsagain Send the army to deal with an old video of a riot that happened in 2021????? Covid vaccine patients are hilarious shame 😂😂😂😂😂😂😂😂😂😂😂😂 https://t.co/6tpwcPJjLY,[],[],[<Video id=1926068998636011521>],0,8,0,0,0,0,en,False,1925768465920512338,,
8,1926040644008521991,Fri May 23 22:20:48 +0000 2025,2025-05-23 22:20:48+00:00,Jim,JCWiggins,36686792,False,"Vancouver, BC",1375,234,False,11,3846,26187,Thu Apr 30 15:20:35 +0000 2009,"@OkayThenNews @SenRonJohnson @RWMaloneMD @Rob_Roos https://t.co/nHVTgPLWkD

A real expert on epidemiology and vaccine efficacy.",[],"[{'display_url': 'religiousstudiesproject.com/persons/raphae…', 'expanded_url': 'https://www.religiousstudiesproject.com/persons/raphael-lataster/', 'url': 'https://t.co/nHVTgPLWkD', 'indices': [51, 74]}]",[],0,38,0,0,0,0,en,False,1920282935510638982,,
8,1926037364297654722,Fri May 23 22:07:46 +0000 2025,2025-05-23 22:07:46+00:00,Jimmy Blake,JimmyBlake55357,1754234890437185536,False,"Vancouver, British Columbia",2201,1473,True,0,80,928,Sun Feb 04 20:06:42 +0000 2024,@DineshDSouza Go get a vaccine already bro. It will calm ya down for sure. Trust ne i work for the government.,[],[],[],0,8,1,0,0,0,en,,1925986553823732099,,
8,1926019808371376384,Fri May 23 20:58:00 +0000 2025,2025-05-23 20:58:00+00:00,Jim,JCWiggins,36686792,False,"Vancouver, BC",1375,234,False,11,3846,26187,Thu Apr 30 15:20:35 +0000 2009,"@jsm2334 @AnnaRMatson It's dangerous, misleading garbage regarding a massively successful vaccine that was given to billions globally and prevented an estimated 14,000,000 deaths.",[],[],[],0,31,0,0,0,0,en,,1925665518989594790,,
9,1924919523762921690,Tue May 20 20:05:52 +0000 2025,2025-05-20 20:05:52+00:00,GOLDEN AGE GOSSIP,goldenagegossip,1713027033935265792,False,,383,141,False,1,3522,12825,Sat Oct 14 03:01:09 +0000 2023,"FDA’s New COVID Vaccine Policy May Limit Who Gets New Shots. Here’s What To Know https://t.co/vQpZlWLYcP #usa #trump #canada #Europe #uk #breaking #BreakingNews #cnn #fox #FoxNews #trending #trump #biden #Epstein #diddy #DiddyTrial

Shared via the Google App","['usa', 'trump', 'canada', 'Europe', 'uk', 'breaking', 'BreakingNews', 'cnn', 'fox', 'FoxNews', 'trending', 'trump', 'biden', 'Epstein', 'diddy', 'DiddyTrial']","[{'display_url': 'search.app/N9uDigV5F4Njcn…', 'expanded_url': 'https://search.app/N9uDigV5F4Njcns28', 'url': 'https://t.co/vQpZlWLYcP', 'indices': [81, 104]}]",[],0,201,1,0,0,0,en,False,,,"{'id': '23fa979a918d6ed3', 'name': 'Musqueam 4', 'full_name': 'Musqueam 4, British Columbia', 'country': 'Canada', 'country_code': 'CA', 'type': 'city', 'centroid': None, 'bounding_box': {'coordinates': [[[-123.130558, 49.06366], [-123.130558, 49.069828], [-123.119613, 49.069828], [-123.119613, 49.06366], [-123.130558, 49.06366]]], 'type': 'Polygon'}}"
9,1924919010883469443,Tue May 20 20:03:50 +0000 2025,2025-05-20 20:03:50+00:00,GOLDEN AGE GOSSIP,goldenagegossip,1713027033935265792,False,,383,141,False,1,3522,12825,Sat Oct 14 03:01:09 +0000 2023,"FDA significantly limits COVID-19 vaccine recommendations | CIDRAP https://t.co/CldCeJEnVB #usa #trump #canada #Europe #uk #breaking #BreakingNews #cnn #fox #FoxNews #trending #trump #biden #Epstein #diddy #DiddyTrial

Shared via the Google App","['usa', 'trump', 'canada', 'Europe', 'uk', 'breaking', 'BreakingNews', 'cnn', 'fox', 'FoxNews', 'trending', 'trump', 'biden', 'Epstein', 'diddy', 'DiddyTrial']","[{'display_url': 'search.app/pzUXNcGr8HckUS…', 'expanded_url': 'https://search.app/pzUXNcGr8HckUSrw9', 'url': 'https://t.co/CldCeJEnVB', 'indices': [67, 90]}]",[],0,195,0,0,0,0,en,False,,,"{'id': '23fa979a918d6ed3', 'name': 'Musqueam 4', 'full_name': 'Musqueam 4, British Columbia', 'country': 'Canada', 'country_code': 'CA', 'type': 'city', 'centroid': None, 'bounding_box': {'coordinates': [[[-123.130558, 49.06366], [-123.130558, 49.069828], [-123.119613, 49.069828], [-123.119613, 49.06366], [-123.130558, 49.06366]]], 'type': 'Polygon'}}"
9,1923528420832707047,Fri May 16 23:58:07 +0000 2025,2025-05-16 23:58:07+00:00,GOLDEN AGE GOSSIP,goldenagegossip,1713027033935265792,False,,383,141,False,1,3522,12825,Sat Oct 14 03:01:09 +0000 2023,"WestJet employee wrongfully dismissed over COVID-19 vaccine status, court rules https://t.co/eHuTJdohPO #westjest #aircanada #isa #canada #covid #pfizer #trudeau #carney

Shared via the Google App","['westjest', 'aircanada', 'isa', 'canada', 'covid', 'pfizer', 'trudeau', 'carney']","[{'display_url': 'search.app/xvNz6z6PjZUcKr…', 'expanded_url': 'https://search.app/xvNz6z6PjZUcKrBx5', 'url': 'https://t.co/eHuTJdohPO', 'indices': [80, 103]}]",[],0,94,1,1,0,1,en,False,,,"{'id': '23fa979a918d6ed3', 'name': 'Musqueam 4', 'full_name': 'Musqueam 4, British Columbia', 'country': 'Canada', 'country_code': 'CA', 'type': 'city', 'centroid': None, 'bounding_box': {'coordinates': [[[-123.130558, 49.06366], [-123.130558, 49.069828], [-123.119613, 49.069828], [-123.119613, 49.06366], [-123.130558, 49.06366]]], 'type': 'Polygon'}}"
9,1922846520463769762,Thu May 15 02:48:29 +0000 2025,2025-05-15 02:48:29+00:00,D_Mystify,d_mystify,401101232,False,"Vancouver, BC",360,665,False,2,18767,2898,Sun Oct 30 02:01:23 +0000 2011,"@TacoCat1978 @LindiKC2 @RepMTG @SecKennedy you think a one size fits all vaccine has ever made sense in history for anyone? Do we not all have different weights and body compositions, how about diets, exercise, stress, lifestyle. No one has ever been ""vaccine"" - deficient - aka deficient of Heavy metal poisons/adjuvants",[],[],[],0,2,0,0,0,0,en,,1922333470786728009,,"{'id': '1e5cb4d0509db554', 'name': 'Vancouver', 'full_name': 'Vancouver, British Columbia', 'country': 'Canada', 'country_code': 'CA', 'type': 'city', 'centroid': None, 'bounding_box': {'coordinates': [[[-123.224215, 49.19854], [-123.224215, 49.316738], [-123.022947, 49.316738], [-123.022947, 49.19854], [-123.224215, 49.19854]]], 'type': 'Polygon'}}"
9,1922844989819605445,Thu May 15 02:42:24 +0000 2025,2025-05-15 02:42:24+00:00,D_Mystify,d_mystify,401101232,False,"Vancouver, BC",360,665,False,2,18767,2898,Sun Oct 30 02:01:23 +0000 2011,"@TacoCat1978 @LindiKC2 @RepMTG @SecKennedy ""public health"" is a SCAM. Wake up already. Public health nazis are owned by ""public"" private health ""organizations"" / companies. Their ""credentials"" come from other related scam ""public"" organizations. CDC,WHO are vaccine companies. Covid shots are DARPA weapons #provemewrong",['provemewrong'],[],[],0,9,0,0,0,0,en,,1922325650666340671,,"{'id': '1e5cb4d0509db554', 'name': 'Vancouver', 'full_name': 'Vancouver, British Columbia', 'country': 'Canada', 'country_code': 'CA', 'type': 'city', 'centroid': None, 'bounding_box': {'coordinates': [[[-123.224215, 49.19854], [-123.224215, 49.316738], [-123.022947, 49.316738], [-123.022947, 49.19854], [-123.224215, 49.19854]]], 'type': 'Polygon'}}"
9,1921418229907386723,Sun May 11 04:12:58 +0000 2025,2025-05-11 04:12:58+00:00,GOLDEN AGE GOSSIP,goldenagegossip,1713027033935265792,False,,383,141,False,1,3522,12825,Sat Oct 14 03:01:09 +0000 2023,@its_The_Dr Vaccine injury😲😲😲 #usa #rfk,"['usa', 'rfk']",[],[],0,3,0,0,0,0,es,,1921391498236485800,,"{'id': '23fa979a918d6ed3', 'name': 'Musqueam 4', 'full_name': 'Musqueam 4, British Columbia', 'country': 'Canada', 'country_code': 'CA', 'type': 'city', 'centroid': None, 'bounding_box': {'coordinates': [[[-123.130558, 49.06366], [-123.130558, 49.069828], [-123.119613, 49.069828], [-123.119613, 49.06366], [-123.130558, 49.06366]]], 'type': 'Polygon'}}"
9,1920966206674104595,Fri May 09 22:16:48 +0000 2025,2025-05-09 22:16:48+00:00,GOLDEN AGE GOSSIP,goldenagegossip,1713027033935265792,False,,383,141,False,1,3522,12825,Sat Oct 14 03:01:09 +0000 2023,"@bennyjohnson Thats a vaccine injury, holy shit",[],[],[],0,14,2,1,0,0,en,,1920962373751353614,,"{'id': '23fa979a918d6ed3', 'name': 'Musqueam 4', 'full_name': 'Musqueam 4, British Columbia', 'country': 'Canada', 'country_code': 'CA', 'type': 'city', 'centroid': None, 'bounding_box': {'coordinates': [[[-123.130558, 49.06366], [-123.130558, 49.069828], [-123.119613, 49.069828], [-123.119613, 49.06366], [-123.130558, 49.06366]]], 'type': 'Polygon'}}"
9,1914142015031542005,Mon Apr 21 02:19:54 +0000 2025,2025-04-21 02:19:54+00:00,Gio Sasso,Giovanni_Sasso,318013957,False,"Vancouver, BC",1329,6338,True,16,2708,4232,Wed Jun 15 20:40:44 +0000 2011,"So, you think they created Covid19 for the good of the people?

It's an objective fact that Covid19 is human engineered along with the vaccine. Are people so stupid to assume that their intentions were good?

By the way, scientific studies show that the virus is far less likely to affect Ashkenazi Jews. See attached images.

The virus and the vaccine are not equal opportunists — in fact, they are racist, as in, they cause harm to different races at varying frequencies of harm.

The CEOs of Pfizer and Moderna are both Jewish.

It's probably a coincidence, right?

Wake up. Assume the worst.",[],[],"[<Photo id=1914142012527509504>, <Photo id=1914142012842061824>, <Photo id=1914142012951195648>]",0,238,7,2,0,2,en,False,1914022071400562900,,"{'id': '1e5cb4d0509db554', 'name': 'Vancouver', 'full_name': 'Vancouver, British Columbia', 'country': 'Canada', 'country_code': 'CA', 'type': 'city', 'centroid': None, 'bounding_box': {'coordinates': [[[-123.224215, 49.19854], [-123.224215, 49.316738], [-123.022947, 49.316738], [-123.022947, 49.19854], [-123.224215, 49.19854]]], 'type': 'Polygon'}}"
9,1913382154039615550,Sat Apr 19 00:00:29 +0000 2025,2025-04-19 00:00:29+00:00,GOLDEN AGE GOSSIP,goldenagegossip,1713027033935265792,False,,383,141,False,1,3522,12825,Sat Oct 14 03:01:09 +0000 2023,@75918984q @WhiteHouse Genocide on top of vaccine Genocide,[],[],[],0,4,0,0,0,0,en,,1913367072421093709,,"{'id': '23fa979a918d6ed3', 'name': 'Musqueam 4', 'full_name': 'Musqueam 4, British Columbia', 'country': 'Canada', 'country_code': 'CA', 'type': 'city', 'centroid': None, 'bounding_box': {'coordinates': [[[-123.130558, 49.06366], [-123.130558, 49.069828], [-123.119613, 49.069828], [-123.119613, 49.06366], [-123.130558, 49.06366]]], 'type': 'Polygon'}}"
9,1911627881991852391,Mon Apr 14 03:49:38 +0000 2025,2025-04-14 03:49:38+00:00,GOLDEN AGE GOSSIP,goldenagegossip,1713027033935265792,False,,383,141,False,1,3522,12825,Sat Oct 14 03:01:09 +0000 2023,@nypost Ya but  would dave believe the c19 vaccine genocide lol,[],[],[],0,1,0,0,0,0,en,,1911426890784534761,,"{'id': '5f49a5792faa1e89', 'name': 'Delta', 'full_name': 'Delta, British Columbia', 'country': 'Canada', 'country_code': 'CA', 'type': 'city', 'centroid': None, 'bounding_box': {'coordinates': [[[-123.3520628, 49.001938], [-123.3520628, 49.1945832], [-122.888002, 49.1945832], [-122.888002, 49.001938], [-123.3520628, 49.001938]]], 'type': 'Polygon'}}"
9,1910352901001888131,Thu Apr 10 15:23:18 +0000 2025,2025-04-10 15:23:18+00:00,GOLDEN AGE GOSSIP,goldenagegossip,1713027033935265792,False,,383,141,False,1,3522,12825,Sat Oct 14 03:01:09 +0000 2023,@akafaceUS Vaccine injured,[],[],[],0,,0,0,0,0,en,,1910014914695225381,,"{'id': '5f49a5792faa1e89', 'name': 'Delta', 'full_name': 'Delta, British Columbia', 'country': 'Canada', 'country_code': 'CA', 'type': 'city', 'centroid': None, 'bounding_box': {'coordinates': [[[-123.3520628, 49.001938], [-123.3520628, 49.1945832], [-122.888002, 49.1945832], [-122.888002, 49.001938], [-123.3520628, 49.001938]]], 'type': 'Polygon'}}"
9,1908243869877309838,Fri Apr 04 19:42:46 +0000 2025,2025-04-04 19:42:46+00:00,GOLDEN AGE GOSSIP,goldenagegossip,1713027033935265792,False,,383,141,False,1,3522,12825,Sat Oct 14 03:01:09 +0000 2023,"Once you see all the vaccine injured celebrities, you know the injuries are happening to reg familys, if you are starting to see trans kids of famous people same thing, youll see it happen to reg familys and it will just sky rocket lol",[],[],[],0,16,0,0,0,0,en,,,"{'id': '1908171413892055266', 'text': 'Why do you think so many Hollywood Stars have Non-Binary/Trans kids?\n\nIt can’t purely be by coincidence….. https://t.co/viCwtRIMZ1'}","{'id': '435a15a8bf629083', 'name': 'Coquitlam', 'full_name': 'Coquitlam, British Columbia', 'country': 'Canada', 'country_code': 'CA', 'type': 'city', 'centroid': None, 'bounding_box': {'coordinates': [[[-122.893434, 49.219352], [-122.893434, 49.351565], [-122.618118, 49.351565], [-122.618118, 49.219352], [-122.893434, 49.219352]]], 'type': 'Polygon'}}"
9,1907171266135462134,Tue Apr 01 20:40:38 +0000 2025,2025-04-01 20:40:38+00:00,Steven Sandhu,Oceanhomes604,1709668082409676800,False,"Vancouver, British Columbia",24,28,False,0,11173,112,Wed Oct 04 20:33:48 +0000 2023,@stopvaccinating We have been sent on earth to help these vaccine injured kids.,[],[],[],0,104,2,0,0,0,en,,1907156157330002122,,"{'id': '5f49a5792faa1e89', 'name': 'Delta', 'full_name': 'Delta, British Columbia', 'country': 'Canada', 'country_code': 'CA', 'type': 'city', 'centroid': None, 'bounding_box': {'coordinates': [[[-123.3520628, 49.001938], [-123.3520628, 49.1945832], [-122.888002, 49.1945832], [-122.888002, 49.001938], [-123.3520628, 49.001938]]], 'type': 'Polygon'}}"
9,1904573005285773613,Tue Mar 25 16:36:04 +0000 2025,2025-03-25 16:36:04+00:00,Josip Dasović,jdasovic2,792480522,False,"Vancouver, British Columbia",562,745,True,20,60672,24667,Thu Aug 30 21:55:22 +0000 2012,"@MamaBearOnGuard @NBSaphierMD @DrNeilStone It's almost like everyone who ""suddenly"" gets cancer didn't have cancer before they got cancer.
P.S. The COVID vaccine was not developed to cure cancer.",[],[],[],0,30,0,0,0,0,en,,1904337717653065841,,"{'id': '1e5cb4d0509db554', 'name': 'Vancouver', 'full_name': 'Vancouver, British Columbia', 'country': 'Canada', 'country_code': 'CA', 'type': 'city', 'centroid': None, 'bounding_box': {'coordinates': [[[-123.224215, 49.19854], [-123.224215, 49.316738], [-123.022947, 49.316738], [-123.022947, 49.19854], [-123.224215, 49.19854]]], 'type': 'Polygon'}}"
9,1902874366121296111,Fri Mar 21 00:06:17 +0000 2025,2025-03-21 00:06:17+00:00,Josip Dasović,jdasovic2,792480522,False,"Vancouver, British Columbia",562,745,True,20,60672,24667,Thu Aug 30 21:55:22 +0000 2012,"@flysnfloats @dr_jon_l @UCSF Close. Not ""over previous vaccines."" The comparison is COVID vaccine(s) to flu vaccines. That distinction is crucial.  There were no ""previous"" COVID vaccines. This was a new (i.e., ""novel"" coronavirus). You're comparing apples with oranges.",[],[],[],0,33,1,0,0,2,en,,1902841613950529689,,"{'id': '1e5cb4d0509db554', 'name': 'Vancouver', 'full_name': 'Vancouver, British Columbia', 'country': 'Canada', 'country_code': 'CA', 'type': 'city', 'centroid': None, 'bounding_box': {'coordinates': [[[-123.224215, 49.19854], [-123.224215, 49.316738], [-123.022947, 49.316738], [-123.022947, 49.19854], [-123.224215, 49.19854]]], 'type': 'Polygon'}}"
9,1902003203589476660,Tue Mar 18 14:24:35 +0000 2025,2025-03-18 14:24:35+00:00,Terry Vaters,terry_vaters,1521893257155735553,False,"West Coast, Canada ",937,481,True,1,567,2686,Wed May 04 16:45:57 +0000 2022,"@RobynUrback They froze families bank accounts with a smile on their faces.
Then they pushed transgenders into our girls sports.
They wanted to force us to take a vaccine that never worked and arrested those who opposed their tyranny.
They educate kids on how to become a transgender.Them 1st",[],[],[],0,5,0,0,0,0,en,,1901711866004472205,,"{'id': '09efd2065c8ce28e', 'name': 'Surrey', 'full_name': 'Surrey, British Columbia', 'country': 'Canada', 'country_code': 'CA', 'type': 'city', 'centroid': None, 'bounding_box': {'coordinates': [[[-122.958937, 49.001921], [-122.958937, 49.221117], [-122.678035, 49.221117], [-122.678035, 49.001921], [-122.958937, 49.001921]]], 'type': 'Polygon'}}"
9,1897937473545863378,Fri Mar 07 09:08:50 +0000 2025,2025-03-07 09:08:50+00:00,Gio Sasso,Giovanni_Sasso,318013957,False,"Vancouver, BC",1329,6338,True,16,2708,4232,Wed Jun 15 20:40:44 +0000 2011,"@PeterDaszak needs to be thrown in prison for his role in the mass murder of over 28 million innocent people.

Every person who died from Covid19 would still be alive today if  the criminals involved with Covid19 and the poisonous vaccine would have left nature alone and, instead, did nothing.

None of the 28 million would have died. Covid19 was created in a laboratory, then intentionally released. The vaccine was poison. They told us it was safe.

Peter Daszak is a liar and complicit in mass murder.

It's amazing to see him so upset about misinformation. How dare anybody question his lies.

What's most impressive is that Peter and @Fauci, and the rest of the criminals, all knew for certain that Covid—19 was the result of natural spillover. 

Any sane human knows that only a fool or a liar would have deep conviction about the origin of a contagious virus, without a proper investigation.

How could you know Covid19 was a natural evolution without a full independent investigation? How could anybody know 100% without having all the data? They seem to magically know —even though the structure of Covid19 had all the telltale signs of human manipulation.

The people who claimed to know, only knew one thing —they had to lie with conviction and spread propaganda hoping that everyone was a complete moron.

Justice is coming. No mercy for the wicked!!",[],[],[],0,12,1,0,0,0,en,,1897713582512414991,,"{'id': '1e5cb4d0509db554', 'name': 'Vancouver', 'full_name': 'Vancouver, British Columbia', 'country': 'Canada', 'country_code': 'CA', 'type': 'city', 'centroid': None, 'bounding_box': {'coordinates': [[[-123.224215, 49.19854], [-123.224215, 49.316738], [-123.022947, 49.316738], [-123.022947, 49.19854], [-123.224215, 49.19854]]], 'type': 'Polygon'}}"
9,1890048095767175226,Thu Feb 13 14:39:16 +0000 2025,2025-02-13 14:39:16+00:00,Gio Sasso,Giovanni_Sasso,318013957,False,"Vancouver, BC",1329,6338,True,16,2708,4232,Wed Jun 15 20:40:44 +0000 2011,"@ted_macie Pfizer is guilty of willful misconduct because they never disclosed that their vaccine had SV40, a known cancer causing agent. They've lost their immunity from lawsuits. They need to pay for their crimes. https://t.co/FRrBImzEy6",[],[],"[<Photo id=1890048093477023744>, <Photo id=1890048093535772672>, <Photo id=1890048093607063552>, <Photo id=1890048093678374912>]",0,17,0,0,0,0,en,False,1889793854095683899,,"{'id': '1e5cb4d0509db554', 'name': 'Vancouver', 'full_name': 'Vancouver, British Columbia', 'country': 'Canada', 'country_code': 'CA', 'type': 'city', 'centroid': None, 'bounding_box': {'coordinates': [[[-123.224215, 49.19854], [-123.224215, 49.316738], [-123.022947, 49.316738], [-123.022947, 49.19854], [-123.224215, 49.19854]]], 'type': 'Polygon'}}"
10,1888614045936390573,Sun Feb 09 15:40:51 +0000 2025,2025-02-09 15:40:51+00:00,Connie McGinley Personal Real Estate Corporation,conmcginley,16934608,True,"Vancouver, British Columbia",718,1199,False,36,45386,5256,Thu Oct 23 20:13:04 +0000 2008,"@justdave89now I have had 9 covid shots and was diagnosed with Breast Cancer in February 2021, just before the vaccine came out. I have never had covid. #BreastCancerSurvivor2021",['BreastCancerSurvivor2021'],[],[],0,572,0,0,0,0,en,,1888075134142972095,,"{'id': '1e5cb4d0509db554', 'name': 'Vancouver', 'full_name': 'Vancouver, British Columbia', 'country': 'Canada', 'country_code': 'CA', 'type': 'city', 'centroid': None, 'bounding_box': {'coordinates': [[[-123.224215, 49.19854], [-123.224215, 49.316738], [-123.022947, 49.316738], [-123.022947, 49.19854], [-123.224215, 49.19854]]], 'type': 'Polygon'}}"
10,1888212656227848214,Sat Feb 08 13:05:53 +0000 2025,2025-02-08 13:05:53+00:00,Gio Sasso,Giovanni_Sasso,318013957,False,"Vancouver, BC",1329,6338,True,16,2708,4232,Wed Jun 15 20:40:44 +0000 2011,"They owe us all a lot of money —Like a lot, a lot...

Let's not forget about Pfizer and Moderna —the inventors of the  poisonous ""gene therapy"" misrepresented as a vaccine.

They need to pay for their sins.

Pfizer also lied to the FDA and didn't disclose that they allowed high amounts of SV40 in each Covid shot —a known cancer causing agent and the likely reason for the turbo cancer rates skyrocketing.

https://t.co/MRmfogN3Bg",[],"[{'display_url': 'thevaultproject.org/fda-refuses-to…', 'expanded_url': 'https://thevaultproject.org/fda-refuses-to-recall-pfizers-covid-19-vaccine-contaminated-with-sv40-dna-fragments/', 'url': 'https://t.co/MRmfogN3Bg', 'indices': [408, 431]}]","[<Photo id=1888212653530849281>, <Photo id=1888212653568659456>, <Photo id=1888212653644128256>, <Photo id=1888212653748969473>]",0,5,0,0,0,0,en,False,1887858061953454120,,"{'id': '1e5cb4d0509db554', 'name': 'Vancouver', 'full_name': 'Vancouver, British Columbia', 'country': 'Canada', 'country_code': 'CA', 'type': 'city', 'centroid': None, 'bounding_box': {'coordinates': [[[-123.224215, 49.19854], [-123.224215, 49.316738], [-123.022947, 49.316738], [-123.022947, 49.19854], [-123.224215, 49.19854]]], 'type': 'Polygon'}}"
10,1880788893194485813,Sun Jan 19 01:26:30 +0000 2025,2025-01-19 01:26:30+00:00,Thorney - Smells Sweet 🌳🥚🪻🇨🇦 KPSS AHF,TKson99,1058160580006051840,False,Pacific 49th parallel or so.,990,1713,True,1,69821,18043,Fri Nov 02 00:55:16 +0000 2018,"@KimPigSquash No, he hasn’t been funny for a long time. This is an angry rant. Is why I don’t watch late night talk for years now. 
Have you seen his vaccine song and dance #?",[],[],[],0,18,0,0,0,1,en,,1880788148516704455,,"{'id': '5147516179fa9c13', 'name': 'Burnaby', 'full_name': 'Burnaby, British Columbia', 'country': 'Canada', 'country_code': 'CA', 'type': 'city', 'centroid': None, 'bounding_box': {'coordinates': [[[-123.024209, 49.180153], [-123.024209, 49.299154], [-122.892479, 49.299154], [-122.892479, 49.180153], [-123.024209, 49.180153]]], 'type': 'Polygon'}}"
10,1879010301141791184,Tue Jan 14 03:39:00 +0000 2025,2025-01-14 03:39:00+00:00,Peter Villadolid,PeterVilladolid,1004070903313936384,False,"British Columbia, Canada",1953,1147,False,8,165185,49200,Tue Jun 05 18:42:12 +0000 2018,"Measles outbreak.. there is a vaccine for this. But hey, keep shouting vaccines are bad for you. https://t.co/28gT2MrlEX",[],[],[<Photo id=1879010299388588032>],0,32,1,0,0,0,en,False,,,"{'id': '33de55bc584a42ec', 'name': 'New Westminster', 'full_name': 'New Westminster, British Columbia', 'country': 'Canada', 'country_code': 'CA', 'type': 'city', 'centroid': None, 'bounding_box': {'coordinates': [[[-122.9599826, 49.175445], [-122.9599826, 49.238058], [-122.8750325, 49.238058], [-122.8750325, 49.175445], [-122.9599826, 49.175445]]], 'type': 'Polygon'}}"
10,1876332777844695407,Mon Jan 06 18:19:29 +0000 2025,2025-01-06 18:19:29+00:00,Gio Sasso,Giovanni_Sasso,318013957,False,"Vancouver, BC",1329,6338,True,16,2708,4232,Wed Jun 15 20:40:44 +0000 2011,"People don't listen.  Only a small percentage of the population seems to care that COVID19 was engineered by the US military and then handed off to Chinese scientists when gain-of-function research was banned in America. 

It was intentionally released to the public & the vaccine was sold to us as the cure, designed to be far worse and more damaging than Covid19.

The vaccine quickly killed off the elderly and killed or damaged anybody who had a health defect.

Overall, those who survived have a ticking time bomb inside of them.

SV40 poisoned our DNA. The spike protein does NOT leave our system as the ""experts"" try to tell us.

No, in fact, the spike protein accumulates in tissue throughout our body, including organs, tumors, and cancerous tissue.

The more exposure you have to Covid19, the higher your spike protein circulating in your body, the sicker you get, guaranteeing an early death.

This was all intentional. The criminals all profited and are living their best lives. These people are responsible for mass murder for around 28 million people (with excess deaths), and most people don't care about justice.

Is everybody insane? These people need to be put in prison for life.

FYI: Fauci, the man who quarterbacked this entire fratricide, is a follower of Judaism.

The CEOs of Moderna and Pfizer are both Jewish. You know, the people who told us their vaccines were safe.

Blinken is also a disciple of Judaism —the guy who has been defending Israel and Ukraine by giving them over $200 billion over the past few years.

This is probably a coincidence. There's nothing to see here.

Oh, lastly, Blinken's family just happens to come from Ukraine.

They're all guilty of murder, treason, and sedition so why hasn't anyone done anything to stop them?

Because they're all criminals. Every single one of them.",[],[],"[<Photo id=1876332775093198848>, <Photo id=1876332775147745280>, <Photo id=1876332775260954624>, <Photo id=1876332775332311040>]",0,12,0,0,0,0,en,False,1875854372183425262,,"{'id': '1e5cb4d0509db554', 'name': 'Vancouver', 'full_name': 'Vancouver, British Columbia', 'country': 'Canada', 'country_code': 'CA', 'type': 'city', 'centroid': None, 'bounding_box': {'coordinates': [[[-123.224215, 49.19854], [-123.224215, 49.316738], [-123.022947, 49.316738], [-123.022947, 49.19854], [-123.224215, 49.19854]]], 'type': 'Polygon'}}"
10,1875816370782531668,Sun Jan 05 08:07:28 +0000 2025,2025-01-05 08:07:28+00:00,Conrad David La Grande,ConradLaGrande,1836123634030776320,False,,38,223,True,0,305,544,Tue Sep 17 19:22:53 +0000 2024,"@OliLondonTV Well covid lockdown vaccine passport mandate'r knows love°
I feel more forgiving seeing that he has love in his heart°
@JoeBiden the pandemic was a distraction so you could do amazing things for the people that we wouldn't recognize until we passed judgment on you was God's test¡ https://t.co/lUZUQ5CU6G",[],[],"[<Video id=1875815028655357952>, <Video id=1875815087174254592>, <Video id=1875815148264292352>, <Video id=1875815213703843840>]",0,28,0,0,0,1,en,False,1875691565890572496,,"{'id': '1e5cb4d0509db554', 'name': 'Vancouver', 'full_name': 'Vancouver, British Columbia', 'country': 'Canada', 'country_code': 'CA', 'type': 'city', 'centroid': None, 'bounding_box': {'coordinates': [[[-123.224215, 49.19854], [-123.224215, 49.316738], [-123.022947, 49.316738], [-123.022947, 49.19854], [-123.224215, 49.19854]]], 'type': 'Polygon'}}"
